{"id":"0a0cdd0aa4daaee146555e4a2a1d3d36","pps_frmfim_library_id":"b7f22896-500f-4c4f-87a1-56d0d51fa426","pps_frmfim_publication_id":"96d361f0-bbb7-48cd-bea4-949e881ee3fd","pps_frmfim_data_type":"message","pps_frmfim_msg_number":"24-13861","pps_frmfim_msg_text":"P310 Computing and Comm Unit channel A is incompatable with SIU 2 channel A.","pps_frmfim_msg_ref_key":"NC2E99D2F38555F05C9FD85B267F5895","pps_frmfim_msg_ref_title":"24-08 TASK 812","pps_frmfim_product_ids":"|192|193|194|195|196|197|198|199|200|201|202|203|204|205|206|207|208|209|210|211|212|213|"}