{"id":"21291786-0f4d-4d05-9270-4075fed51ca5#0a33bce8-d684-43da-b358-1404919dd6e1#A350-A-00-62-11-11001-018A-D#a1d814ca0f671432fbe99f505b8acd1a","pps_library_id":"0a33bce8-d684-43da-b358-1404919dd6e1","pps_publication_id":"21291786-0f4d-4d05-9270-4075fed51ca5","pps_publication_title":"TSM","pps_publication_desc":"","pps_revision_num":"[1] ","pps_document_pointer":"A350-A-00-62-11-11001-018A-D","pps_document_title":"11001-018A-D Wire Data - Introduction","pps_document_code":"A350-A-00-62-11-11001-018A-D","pps_document_html":" \t\n\n\nTASK A350 A 00 62 11 11001 018A D\n\n\n\nWire Data   Introduction   Wire Data   Introduction\n\n\n\n\nON A C 00050058006000640066007000720107010901300132013801400151015301550157016001620165016701680170017201870189019301950205020802100219022198009801\n\n\n\n\n\n\n\n\t\nReferences\n\n\nTable 1  References\n\n\n\tData module Technical publication\tTitle\n\tNone\n\n\n\n\n\n\n\n\n\n\n\n\n\n\t1\t\nGeneral\n\n\n\n\n\t \t\n\t\n\n\n\n\n\nON A C 00050058006000640066007000720107010901300132013801400151015301550157016001620165016701680170017201870189019301950205020802100219022198009801\n\n\n\n\n\n\n\n\n\tA\t\nScope and Purpose\n\n\n\n\n\t \t\n\t\n\nThe Common Information Repository  CIR  Wire supplies a detailed definition of physical wires The CIR Wire reflects the delivered aircraft configuration and the post delivery It also assists in troubleshooting repair and maintenance operations\n\n\n\n\n\n\n\n\t \t\n\t\n\nThe CIR Wire complements the Aircraft Schematic Diagram  ASD  and the Aircraft Wiring Diagram  AWD \n\n\n\n\n\n\n\n\t \t\n\n\n\n\n\n\n\n\n\n\n\t \t\n\n\n\n\n\n\n\n\n\n\t2\t\nStructure and Content\n\n\n\n\n\t \t\n\t\n\n\n\n\n\nON A C 00050058006000640066007000720107010901300132013801400151015301550157016001620165016701680170017201870189019301950205020802100219022198009801\n\n\n\n\n\n\n\n\n\tA\t\nDetailed Structure and Content\n\n\n\n\n\t \t\n\t\n\nThe CIR Wire contains the following information\n\n\n\n\n–\n\n\n\nExtended wire list\n\n\n\n\n\n\n\n–\n\n\n\nUnused termination list\n\n\n\n\n\n\n\n\n\n\n\n\n\n\n\n\t \t\n\t\n\n\n\n\n\nON A C 00050058006000640066007000720107010901300132013801400151015301550157016001620165016701680170017201870189019301950205020802100219022198009801\n\n\n\n\n\n\n\n\n\t 1 \t\nExtended Wire List\n\n\n\n\n\t \t\n\t\n\nThe technical content of the extended wire list reflects the delivered aircraft configuration including\n\n\n\n\n–\n\n\n\nAirbus wires\n\n\n\n\n\n\n\n–\n\n\n\nElectrical supplier wires\n\n\n\n\n\n\n\n–\n\n\n\nEffective modifications and or Service Bulletins  SB  Customer Originated Changes  COC  and Concessions\n\n\n\n\n\n\n\n\n\n\n\n\n\n\n\n\t \t\n\t\n\nFor each wire the following data is provided\n\n\n\n\n–\n\n\n\nWire number\n\n\n\n\n\n\n\n–\n\n\n\nWire color  optional \n\n\n\n\n\n\n\n–\n\n\n\nWire type\n\n\n\n\n\n\n\n–\n\n\n\nWire gauge  optional \n\n\n\n\n\n\n\n–\n\n\n\nWire part number  optional \n\n\n\n\n\n\n\n–\n\n\n\nWire length  optional \n\n\n\n\n\n\n\n–\n\n\n\nWire route  optional \n\n\n\n\n\n\n\n–\n\n\n\nReference of the AWD to which the wire belongs\n\n\n\n\n\n\n\n–\n\n\n\nFeed through or current transformer crossing  optional \n\n\n\n\n\n\n\n–\n\n\n\nSensitive wire  optional \n\n\n\n\n\n\n\n–\n\n\n\nElectrical Structure Network  ESN  wire  optional  if present the wire is a drain cable\n\n\n\n\n\n\n\n–\n\n\n\nWire allocation to the Bundle or Rack or Panel\n\n\n\n\n\n\n\n–\n\n\n\nReference of the AWD ASD to which the bundle or rack or panel belongs\n\n\n\n\n\n\n\n–\n\n\n\nWire termination A information with\n\n\n\n\n•\n\n\n\nFIN or shield wire reference\n\n\n\n\n\n\n\n•\n\n\n\nConnector or Connector Module reference\n\n\n\n\n\n\n\n•\n\n\n\nContact position\n\n\n\n\n\n\n\n•\n\n\n\nContact part number  optional \n\n\n\n\n\n\n\n•\n\n\n\nWire direction  optional \n\n\n\n\n\n\n\n•\n\n\n\nShunt code  optional \n\n\n\n\n\n\n\n\n\n\n\n\n\n\n\n–\n\n\n\nWire termination B information with\n\n\n\n\n•\n\n\n\nFIN or shield wire reference\n\n\n\n\n\n\n\n•\n\n\n\nConnector or Connector Module reference\n\n\n\n\n\n\n\n•\n\n\n\nContact position\n\n\n\n\n\n\n\n•\n\n\n\nContact part number  optional \n\n\n\n\n\n\n\n•\n\n\n\nWire direction  optional \n\n\n\n\n\n\n\n•\n\n\n\nShunt code  optional \n\n\n\n\n\n\n\n\n\n\n\n\n\n\n\n\n\n\n\n\n\n\n\n\t \t\n\n\n\n\n\n\n\n\n\n\n\t \t\n\t\n\n\n\n\n\nON A C 00050058006000640066007000720107010901300132013801400151015301550157016001620165016701680170017201870189019301950205020802100219022198009801\n\n\n\n\n\n\n\n\n\t 2 \t\nUnused Termination List\n\n\n\n\n\t \t\n\t\n\nThe technical content of the unused termination list reflects the delivered aircraft configuration and the post delivery\n\n\n\n\n\n\n\n\t \t\n\t\n\nFor each unused termination the following data is provided\n\n\n\n\n–\n\n\n\nUnused termination number\n\n\n\n\n\n\n\n–\n\n\n\nWire termination A information with\n\n\n\n\n•\n\n\n\nFIN equipment\n\n\n\n\n\n\n\n•\n\n\n\nConnector or Connector Module reference\n\n\n\n\n\n\n\n•\n\n\n\nContact number\n\n\n\n\n\n\n\n\n\n\n\n\n\n\n\n\n\n\n\n\n\n\n\n\t \t\n\n\n\n\n\n\n\n\n\n\n\t \t\n\n\n\n\n\n\n\n\n\n\n\t \t\n\t\n\n\n\n\n\nON A C 00050058006000640066007000720107010901300132013801400151015301550157016001620165016701680170017201870189019301950205020802100219022198009801\n\n\n\n\n\n\n\n\n\tB\t\nHow to Use CIR Wire with C DETS\n\n\n\n\n\t \t\n\t\n\nExplanations are available in Computer  ssisted Documentation Education Tutorial System  C DETS \n\n\n\n\n\n\n\n\t \t\n\t\n\nC DETS can be consulted on AirbusWorld\n\n\n\n\n\n\n\n\t \t\n\n\n\n\n\n\n\n\n\n\n\t \t\n\n\n\n\n\n\n\n\n\n\t ","pps_publication_type":"html_content","pps_product_ids":"|223|224|225|226|227|228|229|230|231|232|233|234|235|236|237|238|","pps_document_code1":"A350","pps_document_code2":"A","pps_document_code3":"00","pps_document_code4":"62","pps_document_code5":"11","pps_document_code6":"11","pps_document_code7":"001","pps_document_code8":"018","pps_document_code9":"A","pps_document_code10":"D","pps_document_data_fin_type":[]}