{"id":"21291786-0f4d-4d05-9270-4075fed51ca5#0a33bce8-d684-43da-b358-1404919dd6e1#A350-A-00-61-05-11001-018A-D#9b2b2e13c432dbd7c1a7c50cd83f1a08","pps_library_id":"0a33bce8-d684-43da-b358-1404919dd6e1","pps_publication_id":"21291786-0f4d-4d05-9270-4075fed51ca5","pps_publication_title":"TSM","pps_publication_desc":"","pps_revision_num":"[1] ","pps_document_pointer":"A350-A-00-61-05-11001-018A-D","pps_document_title":"11001-018A-D Mechanical Standard Practices - Introduction","pps_document_code":"A350-A-00-61-05-11001-018A-D","pps_document_html":" \t\n\n\nTASK A350 A 00 61 05 11001 018A D\n\n\n\nMechanical Standard Practices   Introduction   Mechanical Standard Practices   Introduction\n\n\n\n\nON A C 00050058006000640066007000720107010901300132013801400151015301550157016001620165016701680170017201870189019301950205020802100219022198009801\n\n\n\n\n\n\n\n\t\nReferences\n\n\nTable 1  References\n\n\n\tData module Technical publication\tTitle\n\tNone\n\n\n\n\n\n\n\n\n\n\n\n\n\n\t1\t\nSpecial Procedure and Standard Maintenance Practices\n\n\n\n\n\t \t\n\t\n\n\n\n\n\nON A C 00050058006000640066007000720107010901300132013801400151015301550157016001620165016701680170017201870189019301950205020802100219022198009801\n\n\n\n\tA\t\n\tSpecial Airbus procedures are considered as Airbus standard maintenance practices when they are applicable to several systems These procedures are described in chapter 20 and chapter 70 Procedures applicable to one system only are described in the relevant chapter\n\n\n\n\n\n\t \t\n\t\n\n\n\t\n\nNOTE\n\n\t\n\nIndustry standard maintenance practices are not given in the AMM Thus procedures related to simple components  which includes replacement reinstallation  that do not require specific aircraft configuration safety precautions and specific tests after installation are not given in the AMM\n\n\nAll standard torque values are given in the standard practices of chapter 20 and chapter 70 For standard torque values the term  tighten  is generally used in the procedures Non standard torque values are specified in the concerned procedure For non standard torque values the term  torque  is used followed by the specific torque value\n\n\n\n\n\n\n\n\n\n\n\n\n\t \t\n\n\n\n\n\n\n\n\n\n\n\n\n\t \t\n\n\n\n\n\n\n\n\n\t ","pps_publication_type":"html_content","pps_product_ids":"|223|224|225|226|227|228|229|230|231|232|233|234|235|236|237|238|","pps_document_code1":"A350","pps_document_code2":"A","pps_document_code3":"00","pps_document_code4":"61","pps_document_code5":"05","pps_document_code6":"11","pps_document_code7":"001","pps_document_code8":"018","pps_document_code9":"A","pps_document_code10":"D","pps_document_data_fin_type":[]}