{"id":"21291786-0f4d-4d05-9270-4075fed51ca5#0a33bce8-d684-43da-b358-1404919dd6e1#A350-A-00-62-08-11001-018A-D#47cf60dfca48c7d74084243e968f479a","pps_library_id":"0a33bce8-d684-43da-b358-1404919dd6e1","pps_publication_id":"21291786-0f4d-4d05-9270-4075fed51ca5","pps_publication_title":"TSM","pps_publication_desc":"","pps_revision_num":"[1] ","pps_document_pointer":"A350-A-00-62-08-11001-018A-D","pps_document_title":"11001-018A-D Aircraft Cross-Reference Table","pps_document_code":"A350-A-00-62-08-11001-018A-D","pps_document_html":" \t\n\n\nTASK A350 A 00 62 08 11001 018A D\n\n\n\nProduct Cross reference Table  PCT    Aircraft Cross Reference Table\n\n\n\n\nON A C 00050058006000640066007000720107010901300132013801400151015301550157016001620165016701680170017201870189019301950205020802100219022198009801\n\n\n\n\n\n\n\n\t\nReferences\n\n\nTable 1  References\n\n\n\tData module Technical publication\tTitle\n\tNone\n\n\n\n\n\n\n\n\n\n\n\n\n\n\t1\t\nScope and Purpose\n\n\n\n\n\t \t\n\t\n\n\n\n\n\nON A C 00050058006000640066007000720107010901300132013801400151015301550157016001620165016701680170017201870189019301950205020802100219022198009801\n\n\n\n\tA\t\n\tThe Aircraft Cross reference table lists all aircraft of Customer fleet applicable to the Technical Data package\n\n\n\n\n\n\t \t\n\n\n\n\n\n\n\n\n\n\n\n\n\t \t\n\n\n\n\n\n\n\n\n\n\t2\t\nStructure and Content\n\n\n\n\n\t \t\n\t\n\n\n\n\n\nON A C 00050058006000640066007000720107010901300132013801400151015301550157016001620165016701680170017201870189019301950205020802100219022198009801\n\n\n\n\tA\t\n\tThe following information is provided for each aircraft\n\n\n\n–\n\n\n\nMSN  Airbus Manufacturer Serial Number \n\n\n\n\n\n\n\n–\n\n\n\nVersion Rank  rank within the Customer version \n\n\n\n\n\n\n\n–\n\n\n\nModel\n\n\n\n\n\n\n\n–\n\n\n\nRegistration  aircraft registration number \n\n\n\n\n\n\n\n–\n\n\n\nEngine  engine model \n\n\n\n\n\n\n\n–\n\n\n\nOperator\n\n\n\n\n\n\n\n–\n\n\n\nWeight Variant\n\n\n\n\n\n\n\n–\n\n\n\nCondition  list of Service Bulletins Customer Originated Changes and concessions for each aircraft \n\n\n\n\n\n\n\n\n\n\n\n\n\n\n\t \t\n\t\n\n\n\n\n\n                      Table 2 Example\n\n\n\n\n\n\n\n\n\t\n\n\nMSN\n\n\n\n\t\n\n\nVERSION RANK\n\n\n\n\t\n\n\nMODEL\n\n\n\n\t\n\n\nREGISTRATION\n\n\n\n\t\n\n\nENGINE\n\n\n\n\t\n\n\nOPERATOR\n\n\n\n\t\n\n\nWEIGHT VARIANT\n\n\n\n\t\n\n\nCONDITION\n\n\n\n\n\n\n\t\n\n\n000X\n\n\n\n\t\n\n\nA L01\n\n\n\n\t\n\n\n0001\n\n\n\n\t\n\n\n350–XXX\n\n\n\n\t\n \n\n\t\n\n\nTRENTXWB 84\n\n\n\n\t\n\n\nAIRLINE\n\n\n\n\t\n\n\n000\n\n\n\n\t\n\n\n≡\n\n\n\n\n\n\n\n\n\n\n\n\n\n\n\n\t \t\n\n\n\n\n\n\n\n\n\n\n\t \t\n\n\n\n\n\n\n\n\n\n\t ","pps_publication_type":"html_content","pps_product_ids":"|223|224|225|226|227|228|229|230|231|232|233|234|235|236|237|238|","pps_document_code1":"A350","pps_document_code2":"A","pps_document_code3":"00","pps_document_code4":"62","pps_document_code5":"08","pps_document_code6":"11","pps_document_code7":"001","pps_document_code8":"018","pps_document_code9":"A","pps_document_code10":"D","pps_document_data_fin_type":[]}