{"id":"21291786-0f4d-4d05-9270-4075fed51ca5#0a33bce8-d684-43da-b358-1404919dd6e1#A350-A-21-21-XX-3L002-421A-A#534e3854e557b348b988a4f267b78f71","pps_library_id":"0a33bce8-d684-43da-b358-1404919dd6e1","pps_publication_id":"21291786-0f4d-4d05-9270-4075fed51ca5","pps_publication_title":"TSM","pps_publication_desc":"","pps_revision_num":"[1] ","pps_document_pointer":"A350-A-21-21-XX-3L002-421A-A","pps_document_title":"3L002-421A-A Loss of the Power Supply from RCCB 1003HG Related to Recirculation Fan 3 on the Left Side","pps_document_code":"A350-A-21-21-XX-3L002-421A-A","pps_document_html":" \t\n\nTASK A350 A 21 21 XX 3L002 421A A\n\n\n\nCabin Fresh Recirculated Air Distribution Control and Monitoring   Loss of the Power Supply from RCCB 1003HG Related to Recirculation Fan 3 on the Left Side\n\n\n\n\nON A C ALL\n\n\n\n\n\n\n\nReferences\t\n\nTable 1  References\n\n\n\tData Module Technical Publication\tTitle\n\t\n\nON A C ALL\n\n\n\n\tA350 A 21 21 XX 14ZZZ 429Z A\n\n\n\n\n\tAFI   FAULT CONFIRMATION\n\t\n\nON A C ALL\n\n\n\n\tA350 A 21 21 XX 00ZZZ 343Z A\n\n\n\n\n\tMP   BITE Test of the Cabin Fresh Recirculated Air Distribution System\n\t\n\nON A C ALL\n\n\n\n\tA350 A 21 21 55 00ZZZ 520Z A\n\n\n\n\n\tMP   Removal of the Recirculation Fan\n\t\n\nON A C ALL\n\n\n\n\tA350 A 21 21 55 00ZZZ 720Z A\n\n\n\n\n\tMP   Installation of the Recirculation Fan\n\t\n\nON A C ALL\n\n\n\n\tA350 A 24 71 XX 00ZZZ 170Z A\n\n\n\n\n\tMP   Get Access to  C B Management \n\t\n\nON A C ALL\n\n\n\n\tA350 A 24 71 XX 0AZZZ 343Z A\n\n\n\n\n\tMP   BITE Test of the Electrical Power Distribution System  EPDS   System Test \n\t\n\nON A C ALL\n\n\n\n\tA350 A 24 71 57 01ZZZ 520Z A\n\n\n\n\n\tMP   Removal of the ATA21 Remote Control Circuit Breaker  RCCB  from Electrical Power Distribution Center 1  EPDC1 \n\t\n\nON A C ALL\n\n\n\n\tA350 A 24 71 57 01ZZZ 720Z A\n\n\n\n\n\tMP   Installation of the ATA21 Remote Control Circuit Breaker  RCCB  in Electrical Power Distribution Center 1  EPDC1 \n\t\n\nON A C ALL\n\n\n\n\tA350 A 45 45 XX 00ZZZ 345Z A\n\n\n\n\n\tMP   Generic Procedure to Start a BITE Scanning  for a Given Avionics System\n\t\n\nON A C ALL\n\n\n\n\tA350 A 21 21 XX 01ZZZ 051Z A\n\n\n\n\n\tAWD   POWER SUPPLY RECIRC FAN LEFT\n\t\n\nON A C ALL\n\n\n\n\tA350 A 24 71 XX K1ZZZ 059Z A\n\n\n\n\n\tAWD   RCCB 21 ATA 2121 HG EPDC12\n\n\n\n\n\n\n\n\n\n\n\t \t\n\n\n\n\n\t\n1\n\n\t\nJob Set Up Information\n\n\n\n\n\nA \n\nRequired Conditions\n\n\n\n\nTable 2  Required Conditions\n\n\n\tTitle Condition\tData Module Technical Publication\n\tNone\n\n\n\n\n\n\n\n\n\nB \n\nSupport Equipment\n\n\n\n\nTable 3  Support Equipment\n\n\n\tName\tIdentification Reference\tQuantity\tRemarks\n\tNone\n\n\n\n\n\n\n\nC \n\nConsumables Materials and Expendables\n\n\n\n\nTable 4  Consumables Materials and Expendables\n\n\n\tName\tIdentification Reference\tQuantity\tRemarks\n\tNone\n\n\n\n\n\n\n\nD \n\nSpares\n\n\n\n\nTable 5  Spares\n\n\n\tName\tIdentification Reference\tQuantity\tRemarks\n\tNone\n\n\n\n\n\n\n\nE \n\nSafety Conditions\n\n\n\n\nTable 6  Safety Conditions\n\n\n\n\tName\tSafety Requirement\n\tNone\n\n\n\n\n\n\n\n\t2\t\nFault Isolation\n\n\n\n\nON A C ALL\n\n\n\tA\t\n\n\nGo to the Fault Confirmation Ref AFI A350 A 21 21 XX 14ZZZ 429Z A\n\n\n\n\n\tChoice  \n                            Go to Step \n                            B\n\n\n\n\n\n\n\n\n\n\n\nON A C ALL\n\n\n\tB\t\n\n\nOn the “MAINTENANCE HOME PAGE” select “C B Management” Ref MP A350 A 24 71 XX 00ZZZ 170Z A \n\n\n\n\n\nOn the “C B STATUS SELECTION” page do a check of the RCCB 1003HG status\n\n\n\nWhat is the status \n\tChoice  open tripped  Go to Step \n                            F\n                             \n                        \n\tChoice  monitoring defective and failed  Go to Step \n                            E\n                             \n                        \n\tChoice  locked open  Go to Step \n                            C\n                             \n                        \n\tChoice  closed  Go to Step \n                            D\n                             \n                        \n\n\n\n\n\n\n\n\n\n\nON A C ALL\n\n\n\tC\t\n\n\nFor RCCB 1003HG do a check for a tag\n\n\n\nIs there a tag\n\nYes Go to L No Go to M \n\n\n\n\n\n\n\n\n\n\nON A C ALL\n\n\n\tD\t\n\n\nOpen 1003 HG\n\n\n\n\n\nDisconnect electrical connector A from recirculation fan 3 on the left side  103HG \n\n\n\n\n\nClose 1003 HG\n\n\n\n\n\nOn the connector of recirculation fan 3 on the left side do a check for a voltage value of 230VAC at 103 HG  A pin 1 103 HG  A pin 2 and 103 HG  A pin 3Ref AWD A350 A 21 21 XX 01ZZZ 051Z A\n\n\n\n Is there 230VAC\n\nYes Go to G No Go to H \n\n\n\n\n\n\n\n\n\n\nON A C ALL\n\n\n\tE\t\n\n\nDo the BITE test of the EPDS  system test  Ref MP A350 A 24 71 XX 0AZZZ 343Z A\n\n\n\nDoes the test give a fault message\n\nYes Go to Q No Go to I \n\n\n\n\n\n\n\n\n\n\nON A C ALL\n\n\n\tF\t\n\n\nDisconnect electrical connector A from recirculation fan 3 on the left side  103HG \n\n\n\n\n\nDisconnect electrical connector X33 from EPDC1  1XZ \n\n\n\n\n\n Do a check of the wiring of the RCFANLH2PSYEPDC1230VAC power supply Ref AWD A350 A 21 21 XX 01ZZZ 051Z A\n\n\n\n\n\n\n\n\n\n\n\nIs the wiring correct\n\nYes Go to J No Go to K \n\n\n\n\n\n\n\n\n\n\nON A C ALL\n\n\n\tG\t\n\n\nDo a check for a ground signal at 103 HG  A pin 4Ref AWD A350 A 21 21 XX 01ZZZ 051Z A\n\n\n\nIs there a ground signal\n\nYes Go to N No Go to O \n\n\n\n\n\n\n\n\n\n\nON A C ALL\n\n\n\tH\t\n\n\nOpen 1003 HG\n\n\n\n\n\nDisconnect electrical connector X33 from EPDC1  1XZ \n\n\n\n\n\nDo a check and repair the wiring of the RCFANLH2PSYEPDC1230VAC power supply Ref AWD A350 A 21 21 XX 01ZZZ 051Z A\n\n\n\n\n\n\n\n\n\n\n\n\n\nConnect electrical connector X33 to EPDC1  1XZ \n\n\n\n\n\nConnect electrical connector A to recirculation fan 3 on the left side  103HG \n\n\n\n\n\nClose 1003 HG\n\n\n\n\n\nDo the BITE test of the VCS  Cabin recirculated air distribution test  Ref MP A350 A 21 21 XX 00ZZZ 343Z A\n\n\n\nDoes the test give a fault message\n\nYes Go to P No Go to T \n\n\n\n\n\n\n\n\n\n\nON A C ALL\n\n\n\tI\t\n\n\nDo the BITE scanning of the EPDS Ref MP A350 A 45 45 XX 00ZZZ 345Z A\n\n\n\nIs are  maintenance message s  shown\n\nYes Go to Q No Go to P \n\n\n\n\n\n\n\n\n\n\nON A C ALL\n\n\n\tJ\t\n\n\nReplace FAN RECIRC 3LH  103HG Ref MP A350 A 21 21 55 00ZZZ 520Z A and Ref MP A350 A 21 21 55 00ZZZ 720Z A\n\n\n\n\n\nConnect electrical connector X33 to EPDC1  1XZ \n\n\n\n\n\nDo the BITE test of the VCS  Cabin recirculated air distribution test  Ref MP A350 A 21 21 XX 00ZZZ 343Z A\n\n\n\nDoes the test give a fault message\n\nYes Go to R No Go to T \n\n\n\n\n\n\n\n\n\n\nON A C ALL\n\n\n\tK\t\n\n\nRepair the wiring of the RCFANLH2PSYEPDC1230VAC power supply Ref AWD A350 A 21 21 XX 01ZZZ 051Z A\n\n\n\n\n\n\n\n\n\n\n\n\n\nConnect electrical connector X33 to EPDC1  1XZ \n\n\n\n\n\nConnect electrical connector A to recirculation fan 3 on the left side  103HG \n\n\n\n\n\nClose 1003 HG\n\n\n\n\n\nDo the BITE test of the VCS  Cabin recirculated air distribution test  Ref MP A350 A 21 21 XX 00ZZZ 343Z A\n\n\n\n\n\tChoice  \n                            Go to Step \n                            T\n\n\n\n\n\n\n\n\n\n\n\nON A C ALL\n\n\n\tL\t\n\n\nRead the tag\n\n\n\n\n\tChoice  \n                            Go to Step \n                            T\n\n\n\n\n\n\n\n\n\n\n\nON A C ALL\n\n\n\tM\t\n\n\nMake sure that it is safe to unlock RCCB 1003HG\n\n\n\n\n\nUnlock RCCB 1003 HG\n\n\n\n\n\nDo the BITE test of the VCS  Cabin recirculated air distribution test  Ref MP A350 A 21 21 XX 00ZZZ 343Z A\n\n\n\n\n\tChoice  \n                            Go to Step \n                            T\n\n\n\n\n\n\n\n\n\n\n\nON A C ALL\n\n\n\tN\t\n\n\nReplace FAN RECIRC 3LH  103HG Ref MP A350 A 21 21 55 00ZZZ 520Z A and Ref MP A350 A 21 21 55 00ZZZ 720Z A\n\n\n\n\n\nDo the BITE test of the VCS  Cabin recirculated air distribution test  Ref MP A350 A 21 21 XX 00ZZZ 343Z A\n\n\n\n\n\tChoice  \n                            Go to Step \n                            T\n\n\n\n\n\n\n\n\n\n\n\nON A C ALL\n\n\n\tO\t\n\n\nRepair the wiring of the CHASSISGND signal Ref AWD A350 A 21 21 XX 01ZZZ 051Z A\n\n\n\n\n\n\n\n\n\n\n\n\n\nConnect electrical connector A to recirculation fan 3 on the left side  103HG \n\n\n\n\n\nDo the BITE test of the VCS  Cabin recirculated air distribution test  Ref MP A350 A 21 21 XX 00ZZZ 343Z A\n\n\n\n\n\tChoice  \n                            Go to Step \n                            T\n\n\n\n\n\n\n\n\n\n\n\nON A C ALL\n\n\n\tP\t\n\n\nReplace RCCB RECIRC FAN 3  1003HG Ref MP A350 A 24 71 57 01ZZZ 520Z A and Ref MP A350 A 24 71 57 01ZZZ 720Z A\n\n\n\n\n\nDo the BITE test of the VCS  Cabin recirculated air distribution test  Ref MP A350 A 21 21 XX 00ZZZ 343Z A\n\n\n\n\n\tChoice  \n                            Go to Step \n                            T\n\n\n\n\n\n\n\n\n\n\n\nON A C ALL\n\n\n\tQ\t\n\n\nDo the related Fault Isolation procedure\n\n\n\n\n\nDo the BITE test of the VCS  Cabin recirculated air distribution test  Ref MP A350 A 21 21 XX 00ZZZ 343Z A\n\n\n\n\n\tChoice  \n                            Go to Step \n                            T\n\n\n\n\n\n\n\n\n\n\n\nON A C ALL\n\n\n\tR\t\n\n\nReplace RCCB RECIRC FAN 3  1003HG Ref MP A350 A 24 71 57 01ZZZ 520Z A and  Ref MP A350 A 24 71 57 01ZZZ 720Z A\n\n\n\n\n\nDo the BITE test of the VCS  Cabin recirculated air distribution test  Ref MP A350 A 21 21 XX 00ZZZ 343Z A\n\n\n\nDoes the test give a fault message\n\nYes Go to S No Go to T \n\n\n\n\n\n\n\n\n\n\nON A C ALL\n\n\n\tS\t\n\n\nDisconnect electrical connector X33 from EPDC1  1XZ \n\n\n\n\n\nRemove RCCB 1003HG Ref MP A350 A 24 71 57 01ZZZ 520Z A\n\n\n\n\n\nDo a check and repair the wiring of the EPDC1RCCB power supply Ref AWD A350 A 24 71 XX K1ZZZ 059Z A\n\n\n\n\n\n\n\n\n\n\n\n\n\nInstall RCCB 1003HG Ref MP A350 A 24 71 57 01ZZZ 720Z A\n\n\n\n\n\nConnect electrical connector X33 to EPDC1  1XZ \n\n\n\n\n\nDo the BITE test of the VCS  Cabin recirculated air distribution test  Ref MP A350 A 21 21 XX 00ZZZ 343Z A\n\n\n\n\n\tChoice  \n                            Go to Step \n                            T\n\n\n\n\n\n\n\n\n\n\n\nON A C ALL\n\n\n\tT\t\n\n\nGo to the Close up\n\n\n\n\n\tChoice  \n                            Go to Step \n                            3\n\n\n\n\n\n\n\n\n\n\n\n\n\n\n\n\n\n3\n\nRequired Conditions\n\n\n\n\nTable 7  Required Conditions\n\n\n\tTitle Condition\tData Module Technical Publication\n\t\n\nON A C ALL\n\n\nPut the aircraft back to its initial configuration\tNot applicable \n\n\n\n\n\n\n\n\n\n\n\n\n\n\n\n\n\t ","pps_publication_type":"html_content","pps_product_ids":"|223|224|225|226|227|228|229|230|231|232|233|234|235|236|237|238|","pps_document_code1":"A350","pps_document_code2":"A","pps_document_code3":"21","pps_document_code4":"21","pps_document_code5":"XX","pps_document_code6":"3L","pps_document_code7":"002","pps_document_code8":"421","pps_document_code9":"A","pps_document_code10":"A","pps_document_data_fin_type":["cbt52#1003-HG"]}