{"id":"21291786-0f4d-4d05-9270-4075fed51ca5#0a33bce8-d684-43da-b358-1404919dd6e1#A350-A-21-23-XX-11001-421A-A#1dc03f2c774ab1d76cd0365b802966d3","pps_library_id":"0a33bce8-d684-43da-b358-1404919dd6e1","pps_publication_id":"21291786-0f4d-4d05-9270-4075fed51ca5","pps_publication_title":"TSM","pps_publication_desc":"","pps_revision_num":"[1] ","pps_document_pointer":"A350-A-21-23-XX-11001-421A-A","pps_document_title":"11001-421A-A Fault of SSPC 3101HU Related to the Aft CAX Extraction-Fan","pps_document_code":"A350-A-21-23-XX-11001-421A-A","pps_document_html":" \t\n\nTASK A350 A 21 23 XX 11001 421A A\n\n\n\nCompartment Air Extraction Control and Monitoring   Fault of SSPC 3101HU Related to the Aft CAX Extraction Fan\n\n\n\n\nON A C ALL\n\n\n\n\n\n\n\nReferences\t\n\nTable 1  References\n\n\n\tData Module Technical Publication\tTitle\n\t\n\nON A C ALL\n\n\n\n\tA350 A 21 23 XX 0YZZZ 429Z A\n\n\n\n\n\tAFI   FAULT CONFIRMATION\n\t\n\nON A C ALL\n\n\n\n\tA350 A 21 23 XX 00ZZZ 343Z A\n\n\n\n\n\tMP   BITE Test of the Compartment Air Extraction  CAX  System\n\t\n\nON A C ALL\n\n\n\n\tA350 A 21 23 42 00ZZZ 520Z A\n\n\n\n\n\tMP   Removal of the Compartment Air Extraction  CAX  Extraction Fan\n\t\n\nON A C ALL\n\n\n\n\tA350 A 21 23 42 00ZZZ 720Z A\n\n\n\n\n\tMP   Installation of the Compartment Air Extraction  CAX  Extraction Fan\n\t\n\nON A C ALL\n\n\n\n\tA350 A 24 71 XX 00ZZZ 170Z A\n\n\n\n\n\tMP   Get Access to  C B Management \n\t\n\nON A C ALL\n\n\n\n\tA350 A 24 71 XX 0AZZZ 343Z A\n\n\n\n\n\tMP   BITE Test of the Electrical Power Distribution System  EPDS   System Test \n\t\n\nON A C ALL\n\n\n\n\tA350 A 24 71 32 00ZZZ 520Z A\n\n\n\n\n\tMP   Removal of the Printed Circuit Board  PCB  from Electrical Power Distribution Center 1  EPDC1 \n\t\n\nON A C ALL\n\n\n\n\tA350 A 24 71 32 00ZZZ 720Z A\n\n\n\n\n\tMP   Installation of the Printed Circuit Board  PCB  in Electrical Power Distribution Center 1  EPDC1 \n\t\n\nON A C ALL\n\n\n\n\tA350 A 45 45 XX 00ZZZ 345Z A\n\n\n\n\n\tMP   Generic Procedure to Start a BITE Scanning  for a Given Avionics System\n\t\n\nON A C ALL\n\n\n\n\tA350 A 21 23 XX 01ZZZ 051Z A\n\n\n\n\n\tAWD   POWER SUPPLY FAN AFTER\n\n\n\n\n\n\n\n\n\n\n\t \t\n\n\n\n\n\t\n1\n\n\t\nJob Set Up Information\n\n\n\n\n\nA \n\nRequired Conditions\n\n\n\n\nTable 2  Required Conditions\n\n\n\tTitle Condition\tData Module Technical Publication\n\tNone\n\n\n\n\n\n\n\n\n\nB \n\nSupport Equipment\n\n\n\n\nTable 3  Support Equipment\n\n\n\tName\tIdentification Reference\tQuantity\tRemarks\n\tNone\n\n\n\n\n\n\n\nC \n\nConsumables Materials and Expendables\n\n\n\n\nTable 4  Consumables Materials and Expendables\n\n\n\tName\tIdentification Reference\tQuantity\tRemarks\n\tNone\n\n\n\n\n\n\n\nD \n\nSpares\n\n\n\n\nTable 5  Spares\n\n\n\tName\tIdentification Reference\tQuantity\tRemarks\n\tNone\n\n\n\n\n\n\n\nE \n\nSafety Conditions\n\n\n\n\nTable 6  Safety Conditions\n\n\n\n\tName\tSafety Requirement\n\tNone\n\n\n\n\n\n\n\n\t2\t\nFault Isolation\n\n\n\n\nON A C ALL\n\n\n\tA\t\n\n\nGo to the Fault Confirmation Ref AFI A350 A 21 23 XX 0YZZZ 429Z A\n\n\n\n\n\tChoice  \n                            Go to Step \n                            B\n\n\n\n\n\n\n\n\n\n\n\nON A C ALL\n\n\n\tB\t\n\n\n On the “MAINTENANCE HOME PAGE” select “C B Management” Ref MP A350 A 24 71 XX 00ZZZ 170Z A \n\n\n\n\n\n On the “C B STATUS SELECTION” page do a check of the SSPC 3101HU status\n\n\n\n What is the status\n\tChoice  open tripped  Go to Step \n                            E\n                             \n                        \n\tChoice  monitoring defective and failed  Go to Step \n                            C\n                             \n                        \n\tChoice  locked open  Go to Step \n                            F\n                             \n                        \n\tChoice  closed  Go to Step \n                            D\n                             \n                        \n\n\n\n\n\n\n\n\n\n\nON A C ALL\n\n\n\tC\t\n\n\n Do the BITE test of the EPDS  system test  Ref MP A350 A 24 71 XX 0AZZZ 343Z A\n\n\n\n Does the test give a fault message\n\nYes Go to J No Go to G \n\n\n\n\n\n\n\n\n\n\nON A C ALL\n\n\n\tD\t\n\n\nOpen 3101 HU\n\n\n\n\n\n Disconnect electrical connector A from the aft CAX extraction fan  204HU \n\n\n\n\n\nClose 3101 HU\n\n\n\n\n\n On the electrical connector of the aft CAX extraction fan do a check for a voltage value of 115VAC at 204 HU  A pin A 204 HU  A pin B and 204 HU  A pin CRef AWD A350 A 21 23 XX 01ZZZ 051Z A\n\n\n\n Is there 115VAC\n\nYes Go to I No Go to H \n\n\n\n\n\n\n\n\n\n\nON A C ALL\n\n\n\tE\t\n\n\n Disconnect electrical connector A from the aft CAX extraction fan  204HU \n\n\n\n\n\n Disconnect electrical connector LCV from EPDC1  1XZ \n\n\n\n\n\nDo a check of the wiring the CAXFANAFTPSYEPDC1115VAC power supply Ref AWD A350 A 21 23 XX 01ZZZ 051Z A\n\n\n\n\n\n\n\n\n\n\n\nIs the wiring correct\n\nYes Go to O No Go to N \n\n\n\n\n\n\n\n\n\n\nON A C ALL\n\n\n\tF\t\n\n\n For SSPC 3101HU do a check for a tag\n\n\n\n Is there a tag\n\nYes Go to L No Go to M \n\n\n\n\n\n\n\n\n\n\nON A C ALL\n\n\n\tG\t\n\n\n Do the BITE scanning of the EPDS Ref MP A350 A 45 45 XX 00ZZZ 345Z A\n\n\n\n Is are  maintenance message s  shown\n\nYes Go to J No Go to K \n\n\n\n\n\n\n\n\n\n\nON A C ALL\n\n\n\tH\t\n\n\nOpen 3101 HU\n\n\n\n\n\n Disconnect electrical connector LCV from EPDC1  1XZ \n\n\n\n\n\n Do a check and repair the wiring of the CAXFANAFTPSYEPDC1115VAC power supply Ref AWD A350 A 21 23 XX 01ZZZ 051Z A\n\n\n\n\n\n\n\n\n\n\n\n\n\n Connect electrical connector LCV to EPDC1  1XZ \n\n\n\n\n\n Connect electrical connector A to the aft CAX extraction fan  204HU \n\n\n\n\n\nClose 3101 HU\n\n\n\n\n\nDo the BITE test of the VCS  Compartment air extraction test  Ref MP A350 A 21 23 XX 00ZZZ 343Z A\n\n\n\nDoes the fault continue\n\nYes Go to K No Go to R \n\n\n\n\n\n\n\n\n\n\nON A C ALL\n\n\n\tI\t\n\n\nDo a check for a ground signal at 204 HU  A pin DRef AWD A350 A 21 23 XX 01ZZZ 051Z A\n\n\n\nIs there a ground signal\n\nYes Go to P No Go to Q \n\n\n\n\n\n\n\n\n\n\nON A C ALL\n\n\n\tJ\t\n\n\n Do the related Fault Isolation procedure\n\n\n\n\n\nDo the BITE test of the VCS  Compartment air extraction test  Ref MP A350 A 21 23 XX 00ZZZ 343Z A\n\n\n\n\n\tChoice  \n                            Go to Step \n                            R\n\n\n\n\n\n\n\n\n\n\n\nON A C ALL\n\n\n\tK\t\n\n\n Replace PCB EPDC1 SLOT V  4123XZ Ref MP A350 A 24 71 32 00ZZZ 520Z A and Ref MP A350 A 24 71 32 00ZZZ 720Z A\n\n\n\n\n\nDo the BITE test of the VCS  Compartment air extraction test  Ref MP A350 A 21 23 XX 00ZZZ 343Z A\n\n\n\n\n\tChoice  \n                            Go to Step \n                            R\n\n\n\n\n\n\n\n\n\n\n\nON A C ALL\n\n\n\tL\t\n\n\n Read the tag\n\n\n\n\n\tChoice  \n                            Go to Step \n                            R\n\n\n\n\n\n\n\n\n\n\n\nON A C ALL\n\n\n\tM\t\n\n\n Make sure that it is safe to unlock SSPC 3101HU\n\n\n\n\n\n Unlock SSPC 3101 HU\n\n\n\n\n\nDo the BITE test of the VCS  Compartment air extraction test  Ref MP A350 A 21 23 XX 00ZZZ 343Z A\n\n\n\n\n\tChoice  \n                            Go to Step \n                            R\n\n\n\n\n\n\n\n\n\n\n\nON A C ALL\n\n\n\tN\t\n\n\nRepair the wiring of the CAXFANAFTPSYEPDC1115VAC power supply Ref AWD A350 A 21 23 XX 01ZZZ 051Z A\n\n\n\n\n\n\n\n\n\n\n\n\n\n Connect electrical connector LCV to EPDC1  1XZ \n\n\n\n\n\n Connect electrical connector A to the aft CAX extraction fan  204HU \n\n\n\n\n\nClose 3101 HU\n\n\n\n\n\nDo the BITE test of the VCS  Compartment air extraction test  Ref MP A350 A 21 23 XX 00ZZZ 343Z A\n\n\n\n\n\tChoice  \n                            Go to Step \n                            R\n\n\n\n\n\n\n\n\n\n\n\nON A C ALL\n\n\n\tO\t\n\n\n Replace PCB EPDC1 SLOT V  4123XZ Ref MP A350 A 24 71 32 00ZZZ 520Z A and Ref MP A350 A 24 71 32 00ZZZ 720Z A\n\n\n\n\n\n Connect electrical connector A to the aft CAX extraction fan  204HU \n\n\n\n\n\nDo the BITE test of the VCS  Compartment air extraction test  Ref MP A350 A 21 23 XX 00ZZZ 343Z A\n\n\n\nDoes the fault continue\n\nYes Go to P No Go to R \n\n\n\n\n\n\n\n\n\n\nON A C ALL\n\n\n\tP\t\n\n\nReplace FAN EXTRACTAFT CAX  204HU Ref MP A350 A 21 23 42 00ZZZ 520Z A and Ref MP A350 A 21 23 42 00ZZZ 720Z A\n\n\n\n\n\nDo the BITE test of the VCS  Compartment air extraction test  Ref MP A350 A 21 23 XX 00ZZZ 343Z A\n\n\n\n\n\tChoice  \n                            Go to Step \n                            R\n\n\n\n\n\n\n\n\n\n\n\nON A C ALL\n\n\n\tQ\t\n\n\nRepair the wiring the CHASSISGND signal Ref AWD A350 A 21 23 XX 01ZZZ 051Z A\n\n\n\n\n\n\n\n\n\n\n\n\n\nConnect electrical connector A to the aft CAX extraction fan  204HU \n\n\n\n\n\nDo the BITE test of the VCS  Compartment air extraction test  Ref MP A350 A 21 23 XX 00ZZZ 343Z A\n\n\n\n\n\tChoice  \n                            Go to Step \n                            R\n\n\n\n\n\n\n\n\n\n\n\nON A C ALL\n\n\n\tR\t\n\n\n Go to the Close up\n\n\n\n\n\tChoice  \n                            Go to Step \n                            3\n\n\n\n\n\n\n\n\n\n\n\n\n\n\n\n\n\n3\n\nRequired Conditions\n\n\n\n\nTable 7  Required Conditions\n\n\n\tTitle Condition\tData Module Technical Publication\n\t\n\nON A C ALL\n\n\nPut the aircraft back to its initial configuration\tNot applicable \n\n\n\n\n\n\n\n\n\n\n\n\n\n\n\n\n\t ","pps_publication_type":"html_content","pps_product_ids":"|223|224|225|226|227|228|229|230|231|232|233|234|235|236|237|238|","pps_document_code1":"A350","pps_document_code2":"A","pps_document_code3":"21","pps_document_code4":"23","pps_document_code5":"XX","pps_document_code6":"11","pps_document_code7":"001","pps_document_code8":"421","pps_document_code9":"A","pps_document_code10":"A","pps_document_data_fin_type":["cbt51#3101-HU"]}