{"id":"21291786-0f4d-4d05-9270-4075fed51ca5#0a33bce8-d684-43da-b358-1404919dd6e1#A350-A-21-21-XX-2X001-421A-A#080c017f8d0ff13ceb75504300351a59","pps_library_id":"0a33bce8-d684-43da-b358-1404919dd6e1","pps_publication_id":"21291786-0f4d-4d05-9270-4075fed51ca5","pps_publication_title":"TSM","pps_publication_desc":"","pps_revision_num":"[1] ","pps_document_pointer":"A350-A-21-21-XX-2X001-421A-A","pps_document_title":"2X001-421A-A Overheat Test Fault of Recirculation Fan 3 on the Left Side","pps_document_code":"A350-A-21-21-XX-2X001-421A-A","pps_document_html":" \t\n\nTASK A350 A 21 21 XX 2X001 421A A\n\n\n\nCabin Fresh Recirculated Air Distribution Control and Monitoring   Overheat Test Fault of Recirculation Fan 3 on the Left Side\n\n\n\n\nON A C ALL\n\n\n\n\n\n\n\nReferences\t\n\nTable 1  References\n\n\n\tData Module Technical Publication\tTitle\n\t\n\nON A C ALL\n\n\n\n\tA350 A 21 21 XX 3YZZZ 429Z A\n\n\n\n\n\tAFI   FAULT CONFIRMATION\n\t\n\nON A C ALL\n\n\n\n\tA350 A 21 21 55 00ZZZ 520Z A\n\n\n\n\n\tMP   Removal of the Recirculation Fan\n\t\n\nON A C ALL\n\n\n\n\tA350 A 21 21 55 00ZZZ 720Z A\n\n\n\n\n\tMP   Installation of the Recirculation Fan\n\t\n\nON A C ALL\n\n\n\n\tA350 A 24 71 XX 0AZZZ 343Z A\n\n\n\n\n\tMP   BITE Test of the Electrical Power Distribution System  EPDS   System Test \n\t\n\nON A C ALL\n\n\n\n\tA350 A 21 21 XX 01ZZZ 051Z A\n\n\n\n\n\tAWD   POWER SUPPLY RECIRC FAN LEFT\n\n\n\n\n\n\n\n\n\n\n\t \t\n\n\n\n\n\t\n1\n\n\t\nJob Set Up Information\n\n\n\n\n\nA \n\nRequired Conditions\n\n\n\n\nTable 2  Required Conditions\n\n\n\tTitle Condition\tData Module Technical Publication\n\tNone\n\n\n\n\n\n\n\n\n\nB \n\nSupport Equipment\n\n\n\n\nTable 3  Support Equipment\n\n\n\tName\tIdentification Reference\tQuantity\tRemarks\n\tNone\n\n\n\n\n\n\n\nC \n\nConsumables Materials and Expendables\n\n\n\n\nTable 4  Consumables Materials and Expendables\n\n\n\tName\tIdentification Reference\tQuantity\tRemarks\n\tNone\n\n\n\n\n\n\n\nD \n\nSpares\n\n\n\n\nTable 5  Spares\n\n\n\tName\tIdentification Reference\tQuantity\tRemarks\n\tNone\n\n\n\n\n\n\n\nE \n\nSafety Conditions\n\n\n\n\nTable 6  Safety Conditions\n\n\n\n\tName\tSafety Requirement\n\tNone\n\n\n\n\n\n\n\n\t2\t\nFault Isolation\n\n\n\n\nON A C ALL\n\n\n\tA\t\n\n\n Go to the Fault Confirmation Ref AFI A350 A 21 21 XX 3YZZZ 429Z A\n\n\n\n Is there confirmation of the fault\n\nYes Go to B No Go to I \n\n\n\n\n\n\n\n\n\n\nON A C ALL\n\n\n\tB\t\n\n\n Open 1003 HG\n\n\n\n\n\n Disconnect electrical connector A from recirculation fan 3 on the left side  103HG \n\n\n\n\n\n Close 1003 HG\n\n\n\n\n\n Do a check for the voltage of the three phases of recirculation fan 3 on the left side Ref AWD A350 A 21 21 XX 01ZZZ 051Z A\n\n\n\n\n\n\n\n\n\n\n\n Is there 230VAC\n\nYes Go to C No Go to D \n\n\n\n\n\n\n\n\n\n\nON A C ALL\n\n\n\tC\t\n\n\n Disconnect electrical connector M65 from EPDC1  1XZ \n\n\n\n\n\n Disconnect electrical connector B from recirculation fan 3 on the left side  103HG \n\n\n\n\n\n Do a check of continuity of the RCFANLH2DISEPDC1FLT power supply Ref AWD A350 A 21 21 XX 01ZZZ 051Z A\n\n\n\n\n\n\n\n\n\n\n\n Is there continuity\n\nYes Go to E No Go to F \n\n\n\n\n\n\n\n\n\n\nON A C ALL\n\n\n\tD\t\n\n\n Open 1003 HG\n\n\n\n\n\n Disconnect electrical connector X33 from EPDC1  1XZ \n\n\n\n\n\n Do a check of continuity of the RCFANLH2PSYEPDC1230VAC power supply Ref AWD A350 A 21 21 XX 01ZZZ 051Z A\n\n\n\n\n\n\n\n\n\n\n\n Is there continuity\n\nYes Go to H No Go to G \n\n\n\n\n\n\n\n\n\n\nON A C ALL\n\n\n\tE\t\n\n\n Connect electrical connector M65 to EPDC1  1XZ \n\n\n\n\n\n Replace FAN RECIRC 3LH  103HG Ref MP A350 A 21 21 55 00ZZZ 520Z A and Ref MP A350 A 21 21 55 00ZZZ 720Z A\n\n\n\n\n\n Go to the Fault Confirmation Ref AFI A350 A 21 21 XX 3YZZZ 429Z A\n\n\n\n\n\tChoice  \n                            Go to Step \n                            I\n\n\n\n\n\n\n\n\n\n\n\nON A C ALL\n\n\n\tF\t\n\n\n Repair the wiring of the RCFANLH2DISEPDC1FLT power supply Ref AWD A350 A 21 21 XX 01ZZZ 051Z A\n\n\n\n\n\n\n\n\n\n\n\n\n\n Connect electrical connector B to recirculation fan 3 on the left side  103HG \n\n\n\n\n\n Connect electrical connector M65 to EPDC1  1XZ \n\n\n\n\n\n Go to the Fault Confirmation Ref AFI A350 A 21 21 XX 3YZZZ 429Z A\n\n\n\n\n\tChoice  \n                            Go to Step \n                            I\n\n\n\n\n\n\n\n\n\n\n\nON A C ALL\n\n\n\tG\t\n\n\n Repair the wiring of the RCFANLH2PSYEPDC1230VAC power supply Ref AWD A350 A 21 21 XX 01ZZZ 051Z A\n\n\n\n\n\n\n\n\n\n\n\n\n\n Connect electrical connector A to recirculation fan 3 on the left side  103HG \n\n\n\n\n\n Connect electrical connector X33 to EPDC1  1XZ \n\n\n\n\n\n Close 1003 HG\n\n\n\n\n\n Go to the Fault Confirmation Ref AFI A350 A 21 21 XX 3YZZZ 429Z A\n\n\n\n\n\tChoice  \n                            Go to Step \n                            I\n\n\n\n\n\n\n\n\n\n\n\nON A C ALL\n\n\n\tH\t\n\n\n Connect electrical connector A to recirculation fan 3 on the left side  103HG \n\n\n\n\n\n Connect electrical connector X33 to EPDC1  1XZ \n\n\n\n\n\n Close 1003 HG\n\n\n\n\n\n Do the BITE test of the EPDS  system test  Ref MP A350 A 24 71 XX 0AZZZ 343Z A\n\n\n\n\n\n If the test gives a fault message do the related Fault Isolation procedure \n\n\n\n\n\n Go to the Fault Confirmation Ref AFI A350 A 21 21 XX 3YZZZ 429Z A\n\n\n\n\n\tChoice  \n                            Go to Step \n                            I\n\n\n\n\n\n\n\n\n\n\n\nON A C ALL\n\n\n\tI\t\n\n\n Go to the Close up\n\n\n\n\n\tChoice  \n                            Go to Step \n                            3\n\n\n\n\n\n\n\n\n\n\n\n\n\n\n\n\n\n3\n\nRequired Conditions\n\n\n\n\nTable 7  Required Conditions\n\n\n\tTitle Condition\tData Module Technical Publication\n\t\n\nON A C ALL\n\n\nPut the aircraft back to its initial configuration\tNot applicable \n\n\n\n\n\n\n\n\n\n\n\n\n\n\n\n\n\t ","pps_publication_type":"html_content","pps_product_ids":"|223|224|225|226|227|228|229|230|231|232|233|234|235|236|237|238|","pps_document_code1":"A350","pps_document_code2":"A","pps_document_code3":"21","pps_document_code4":"21","pps_document_code5":"XX","pps_document_code6":"2X","pps_document_code7":"001","pps_document_code8":"421","pps_document_code9":"A","pps_document_code10":"A","pps_document_data_fin_type":["cbt52#1003-HG"]}