{"id":"21291786-0f4d-4d05-9270-4075fed51ca5#0a33bce8-d684-43da-b358-1404919dd6e1#A350-A-21-21-XX-4J001-421A-A#ff1ab38062cdd975b5b638f91233d540","pps_library_id":"0a33bce8-d684-43da-b358-1404919dd6e1","pps_publication_id":"21291786-0f4d-4d05-9270-4075fed51ca5","pps_publication_title":"TSM","pps_publication_desc":"","pps_revision_num":"[1] ","pps_document_pointer":"A350-A-21-21-XX-4J001-421A-A","pps_document_title":"4J001-421A-A High Pressure Fault of the Mixing Unit","pps_document_code":"A350-A-21-21-XX-4J001-421A-A","pps_document_html":" \t\n\nTASK A350 A 21 21 XX 4J001 421A A\n\n\n\nCabin Fresh Recirculated Air Distribution Control and Monitoring   High Pressure Fault of the Mixing Unit\n\n\n\n\nON A C ALL\n\n\n\n\n\n\n\nReferences\t\n\nTable 1  References\n\n\n\tData Module Technical Publication\tTitle\n\t\n\nON A C ALL\n\n\n\n\tA350 A 21 21 XX 3YZZZ 429Z A\n\n\n\n\n\tAFI   FAULT CONFIRMATION\n\n\n\n\n\n\n\n\n\n\n\t \t\n\n\n\n\n\t\n1\n\n\t\nJob Set Up Information\n\n\n\n\n\nA \n\nRequired Conditions\n\n\n\n\nTable 2  Required Conditions\n\n\n\tTitle Condition\tData Module Technical Publication\n\tNone\n\n\n\n\n\n\n\n\n\nB \n\nSupport Equipment\n\n\n\n\nTable 3  Support Equipment\n\n\n\tName\tIdentification Reference\tQuantity\tRemarks\n\tNone\n\n\n\n\n\n\n\nC \n\nConsumables Materials and Expendables\n\n\n\n\nTable 4  Consumables Materials and Expendables\n\n\n\tName\tIdentification Reference\tQuantity\tRemarks\n\tNone\n\n\n\n\n\n\n\nD \n\nSpares\n\n\n\n\nTable 5  Spares\n\n\n\tName\tIdentification Reference\tQuantity\tRemarks\n\tNone\n\n\n\n\n\n\n\nE \n\nSafety Conditions\n\n\n\n\nTable 6  Safety Conditions\n\n\n\n\tName\tSafety Requirement\n\tNone\n\n\n\n\n\n\n\n\t2\t\nFault Isolation\n\n\n\n\nON A C ALL\n\n\n\tA\t\n\n\nGo to the Fault Confirmation Ref AFI A350 A 21 21 XX 3YZZZ 429Z A\n\n\n\n\n\nOn the overhead panel on the AIR section of panel 225VM make sure that the PACK 1 and PACK 2 pushbutton switches are pushed  the OFF legends are off \n\n\n\n\n\nOn the overhead panel on the VENT section of panel 212VM make sure that the CAB FANS pushbutton switch is pushed  the OFF legend is off \n\n\n\n\n\nWait for a minimum of 10 seconds\n\n\n\nIs there confirmation of the fault\n\nYes Go to B No Go to G \n\n\n\n\n\n\n\n\n\n\nON A C ALL\n\n\n\tB\t\n\n\nOn the “MAINTENANCE HOME PAGE” select “ACMS Function”\n\n\n\n\n\nOn the “ACMS MENU” select “System Pages” and then “TCS Basic”\n\n\n\n\n\nCompare the mixer head temperature value with the duct temperature values of each temperature zone\n\n\n\nIs the temperature value for one temperature zone more than 5 degC  410 degF  higher than the mixer head temperature value\n\nYes Go to C No Go to E \n\n\n\n\n\n\n\n\n\n\nON A C ALL\n\n\n\tC\t\n\n\nOn the overhead panel on the AIR section of panel 225VM do a check to make sure that the PACK 1 and PACK 2 pushbutton switches are released  the OFF legends are on \n\n\n\n\n\nOn the overhead panel on the VENT section of panel 212VM do a check to make sure that the CAB FANS pushbutton switch is released  the OFF legend is on \n\n\n\n\n\nDo a check of the supply duct for the identified temperature zone for unwanted objects\n\n\n\nIs there blockage\n\nYes Go to D No Go to G \n\n\n\n\n\n\n\n\n\n\nON A C ALL\n\n\n\tD\t\n\n\nWhere you find blockage remove the unwanted objects and or clean the dirty components\n\n\n\n\n\nOn the overhead panel on the AIR section of panel 225VM do a check to make sure that the PACK 1 and PACK 2 pushbutton switches are pushed  the OFF legends are off \n\n\n\n\n\nOn the overhead panel on the VENT section of panel 212VM do a check to make sure that the CAB FANS pushbutton switch is pushed  the OFF legend is off \n\n\n\n\n\nGo to the Fault Confirmation Ref AFI A350 A 21 21 XX 3YZZZ 429Z A\n\n\n\n\n\n\t\n\nNOTE\n\n\t\n\nAfter 10 seconds the fault message will no longer show\n\n\n\n\n\n\n\n\tChoice  \n                            Go to Step \n                            G\n\n\n\n\n\n\n\n\n\n\n\nON A C ALL\n\n\n\tE\t\n\n\nOn the overhead panel on the AIR section of panel 225VM do a check to make sure that the PACK 1 and PACK 2 pushbutton switches are released  the OFF legends are on \n\n\n\n\n\nOn the overhead panel on the VENT section of panel 212VM do a check to make sure that the CAB FANS pushbutton switch is released  the OFF legend is on \n\n\n\n\n\nDo a check of the mixer unit and its outlets for unwanted objects\n\n\n\n\n\nRemove the cap of the mixer unit from\n\n\n\n–\n\n\n\nOutlet F if the optional temperature zone 3 humidifier is installed\n\n\nor \n\n\n\n\n\n\n\n–\n\n\n\nOutlet H if the optional temperature zone 3 humidifier is not installed\n\n\n\n\n\n\n\n\n\n\n\nIs there blockage\n\nYes Go to F No Go to G \n\n\n\n\n\n\n\n\n\n\nON A C ALL\n\n\n\tF\t\n\n\nWhere you find blockage remove the unwanted objects and or clean the dirty components\n\n\n\n\n\nOn the overhead panel on the AIR section of panel 225VM do a check to make sure that the PACK 1 and PACK 2 pushbutton switches are pushed  the OFF legends are off \n\n\n\n\n\nOn the overhead panel on the VENT section of panel 212VM do a check to make sure that the CAB FANS pushbutton switch is pushed  the OFF legend is off \n\n\n\n\n\nGo to the Fault Confirmation Ref AFI A350 A 21 21 XX 3YZZZ 429Z A\n\n\n\n\n\n\t\n\nNOTE\n\n\t\n\nAfter 10 seconds the fault message will no longer show\n\n\n\n\n\n\n\n\tChoice  \n                            Go to Step \n                            G\n\n\n\n\n\n\n\n\n\n\n\nON A C ALL\n\n\n\tG\t\n\n\nGo to the Close up\n\n\n\n\n\tChoice  \n                            Go to Step \n                            3\n\n\n\n\n\n\n\n\n\n\n\n\n\n\n\n\n\n3\n\nRequired Conditions\n\n\n\n\nTable 7  Required Conditions\n\n\n\tTitle Condition\tData Module Technical Publication\n\t\n\nON A C ALL\n\n\nPut the aircraft back to its initial configuration\tNot applicable \n\n\n\n\n\n\n\n\n\n\n\n\n\n\n\n\n\t ","pps_publication_type":"html_content","pps_product_ids":"|223|224|225|226|227|228|229|230|231|232|233|234|235|236|237|238|","pps_document_code1":"A350","pps_document_code2":"A","pps_document_code3":"21","pps_document_code4":"21","pps_document_code5":"XX","pps_document_code6":"4J","pps_document_code7":"001","pps_document_code8":"421","pps_document_code9":"A","pps_document_code10":"A","pps_document_data_fin_type":[]}