{"id":"21291786-0f4d-4d05-9270-4075fed51ca5#0a33bce8-d684-43da-b358-1404919dd6e1#A350-A-00-62-10-11001-018A-D#bbaae6a2e679f639c9a86b0e3f2c2ec3","pps_library_id":"0a33bce8-d684-43da-b358-1404919dd6e1","pps_publication_id":"21291786-0f4d-4d05-9270-4075fed51ca5","pps_publication_title":"TSM","pps_publication_desc":"","pps_revision_num":"[1] ","pps_document_pointer":"A350-A-00-62-10-11001-018A-D","pps_document_title":"11001-018A-D Warning and Caution - Introduction","pps_document_code":"A350-A-00-62-10-11001-018A-D","pps_document_html":" \t\n\n\nTASK A350 A 00 62 10 11001 018A D\n\n\n\nWarning and Caution   Introduction   Warning and Caution   Introduction\n\n\n\n\nON A C 00050058006000640066007000720107010901300132013801400151015301550157016001620165016701680170017201870189019301950205020802100219022198009801\n\n\n\n\n\n\n\n\t\nReferences\n\n\nTable 1  References\n\n\n\tData module Technical publication\tTitle\n\tNone\n\n\n\n\n\n\n\n\n\n\n\n\n\n\t1\t\nScope and Purpose\n\n\n\n\n\t \t\n\t\n\n\n\n\n\nON A C 00050058006000640066007000720107010901300132013801400151015301550157016001620165016701680170017201870189019301950205020802100219022198009801\n\n\n\n\tA\t\n\tThis introduction presents the content and purpose of the warning and caution repository\n\n\n\n\n\n\t \t\n\n\n\n\n\n\n\n\n\n\n\n\n\t \t\n\n\n\n\n\n\n\n\n\n\t2\t\nStructure and Content\n\n\n\n\n\t \t\n\t\n\n\n\n\n\nON A C 00050058006000640066007000720107010901300132013801400151015301550157016001620165016701680170017201870189019301950205020802100219022198009801\n\n\n\n\tA\t\n\tWarning Calls attention to the use of materials processes methods procedures or limits which must be followed precisely to avoid injury or death to persons\n\n\n\n\n\n\t \t\n\tCaution Calls attention to methods and procedures which must be followed to avoid damage to equipment\n\n\n\n\n\n\t \t\n\tThe warnings and cautions are integrated within the procedures\n\n\n\n\n\n\t \t\n\tThe warnings cautions can be positioned\n\n\n\n–\n\n\n\nAt task level if they are applicable to the full task\n\n\n\n\n\n\n\n–\n\n\n\nAt subtask level directly above the text to which they relate if they are specific to the subtask\n\n\n\n\n\n\n\n–\n\n\n\nAt step level directly above the text to which they relate if they are specific to the step\n\n\n\n\n\n\n\n\n\n\n\n\n\n\n\t \t\n\n\n\n\n\n\n\n\n\n\n\n\n\t \t\n\n\n\n\n\n\n\n\n\n\t ","pps_publication_type":"html_content","pps_product_ids":"|223|224|225|226|227|228|229|230|231|232|233|234|235|236|237|238|","pps_document_code1":"A350","pps_document_code2":"A","pps_document_code3":"00","pps_document_code4":"62","pps_document_code5":"10","pps_document_code6":"11","pps_document_code7":"001","pps_document_code8":"018","pps_document_code9":"A","pps_document_code10":"D","pps_document_data_fin_type":[]}