{"id":"21291786-0f4d-4d05-9270-4075fed51ca5#0a33bce8-d684-43da-b358-1404919dd6e1#A350-A-21-23-XX-06001-421A-A#e0010b70d547a6ff8a8e557495ed1994","pps_library_id":"0a33bce8-d684-43da-b358-1404919dd6e1","pps_publication_id":"21291786-0f4d-4d05-9270-4075fed51ca5","pps_publication_title":"TSM","pps_publication_desc":"","pps_revision_num":"[1] ","pps_document_pointer":"A350-A-21-23-XX-06001-421A-A","pps_document_title":"06001-421A-A Fault of the Aft CAX Extraction-Fan in the Reverse Rotation Mode","pps_document_code":"A350-A-21-23-XX-06001-421A-A","pps_document_html":" \t\n\nTASK A350 A 21 23 XX 06001 421A A\n\n\n\nCompartment Air Extraction Control and Monitoring   Fault of the Aft CAX Extraction Fan in the Reverse Rotation Mode\n\n\n\n\nON A C ALL\n\n\n\n\n\n\n\nReferences\t\n\nTable 1  References\n\n\n\tData Module Technical Publication\tTitle\n\t\n\nON A C ALL\n\n\n\n\tA350 A 21 23 XX 12ZZZ 429Z A\n\n\n\n\n\tAFI   FAULT CONFIRMATION\n\t\n\nON A C ALL\n\n\n\n\tA350 A 21 21 XX 00ZZZ 345Z A\n\n\n\n\n\tMP   Erasure of the Non Volatile Memory  NVM \n\t\n\nON A C ALL\n\n\n\n\tA350 A 21 23 42 00ZZZ 520Z A\n\n\n\n\n\tMP   Removal of the Compartment Air Extraction  CAX  Extraction Fan\n\t\n\nON A C ALL\n\n\n\n\tA350 A 21 23 42 00ZZZ 720Z A\n\n\n\n\n\tMP   Installation of the Compartment Air Extraction  CAX  Extraction Fan\n\n\n\n\n\n\n\n\n\n\n\t \t\n\n\n\n\n\t\n1\n\n\t\nJob Set Up Information\n\n\n\n\n\nA \n\nRequired Conditions\n\n\n\n\nTable 2  Required Conditions\n\n\n\tTitle Condition\tData Module Technical Publication\n\tNone\n\n\n\n\n\n\n\n\n\nB \n\nSupport Equipment\n\n\n\n\nTable 3  Support Equipment\n\n\n\tName\tIdentification Reference\tQuantity\tRemarks\n\tNone\n\n\n\n\n\n\n\nC \n\nConsumables Materials and Expendables\n\n\n\n\nTable 4  Consumables Materials and Expendables\n\n\n\tName\tIdentification Reference\tQuantity\tRemarks\n\tNone\n\n\n\n\n\n\n\nD \n\nSpares\n\n\n\n\nTable 5  Spares\n\n\n\tName\tIdentification Reference\tQuantity\tRemarks\n\tNone\n\n\n\n\n\n\n\nE \n\nSafety Conditions\n\n\n\n\nTable 6  Safety Conditions\n\n\n\n\tName\tSafety Requirement\n\tNone\n\n\n\n\n\n\n\n\t2\t\nFault Isolation\n\n\n\n\nON A C ALL\n\n\n\tA\t\n\n\n Go to the Fault Confirmation Ref AFI A350 A 21 23 XX 12ZZZ 429Z A\n\n\n\n Is there confirmation of the fault \n\nYes Go to B No Go to D \n\n\n\n\n\n\n\n\n\n\nON A C ALL\n\n\n\tB\t\n\n\n Replace FAN EXTRACTAFT CAX  204HU Ref MP A350 A 21 23 42 00ZZZ 520Z A and Ref MP A350 A 21 23 42 00ZZZ 720Z A\n\n\n\n\n\n Go to the Fault Confirmation Ref AFI A350 A 21 23 XX 12ZZZ 429Z A\n\n\n\nDoes the fault continue\n\nYes Go to C No Go to D \n\n\n\n\n\n\n\n\n\n\nON A C ALL\n\n\n\tC\t\n\n\nDo the BITE function of the VCS  NVM erasure  Ref MP A350 A 21 21 XX 00ZZZ 345Z A\n\n\n\n\n\nGo to the Fault Confirmation Ref AFI A350 A 21 23 XX 12ZZZ 429Z A\n\n\n\n\n\tChoice  \n                            Go to Step \n                            D\n\n\n\n\n\n\n\n\n\n\n\nON A C ALL\n\n\n\tD\t\n\n\n Go to the Close up\n\n\n\n\n\tChoice  \n                            Go to Step \n                            3\n\n\n\n\n\n\n\n\n\n\n\n\n\n\n\n\n\n3\n\nRequired Conditions\n\n\n\n\nTable 7  Required Conditions\n\n\n\tTitle Condition\tData Module Technical Publication\n\t\n\nON A C ALL\n\n\nPut the aircraft back to its initial configuration\tNot applicable \n\n\n\n\n\n\n\n\n\n\n\n\n\n\n\n\n\t ","pps_publication_type":"html_content","pps_product_ids":"|223|224|225|226|227|228|229|230|231|232|233|234|235|236|237|238|","pps_document_code1":"A350","pps_document_code2":"A","pps_document_code3":"21","pps_document_code4":"23","pps_document_code5":"XX","pps_document_code6":"06","pps_document_code7":"001","pps_document_code8":"421","pps_document_code9":"A","pps_document_code10":"A","pps_document_data_fin_type":[]}