{"id":"21291786-0f4d-4d05-9270-4075fed51ca5#0a33bce8-d684-43da-b358-1404919dd6e1#A350-A-21-22-XX-0W001-421A-A#beadce4c4326e915e6e1d75c9d3c3790","pps_library_id":"0a33bce8-d684-43da-b358-1404919dd6e1","pps_publication_id":"21291786-0f4d-4d05-9270-4075fed51ca5","pps_publication_title":"TSM","pps_publication_desc":"","pps_revision_num":"[1] ","pps_document_pointer":"A350-A-21-22-XX-0W001-421A-A","pps_document_title":"0W001-421A-A Loss of Communication between CRDC-A03 and the FOOT VENT Potentiometer","pps_document_code":"A350-A-21-22-XX-0W001-421A-A","pps_document_html":" \t\n\nTASK A350 A 21 22 XX 0W001 421A A\n\n\n\nCockpit Air Distribution Control and Monitoring   Loss of Communication between CRDC A03 and the FOOT VENT Potentiometer\n\n\n\n\nON A C ALL\n\n\n\n\n\n\n\nReferences\t\n\nTable 1  References\n\n\n\tData Module Technical Publication\tTitle\n\t\n\nON A C ALL\n\n\n\n\tA350 A 21 22 XX 0MZZZ 429Z A\n\n\n\n\n\tAFI   FAULT CONFIRMATION\n\t\n\nON A C ALL\n\n\n\n\tA350 A 31 11 12 02ZZZ 520Z A\n\n\n\n\n\tMP   Removal of the Lower Main Instrument Panel Control Panel  317VU 318VU \n\t\n\nON A C ALL\n\n\n\n\tA350 A 31 11 12 02ZZZ 720Z A\n\n\n\n\n\tMP   Installation of the Lower Main Instrument Panel Control Panel  317VU 318VU \n\t\n\nON A C ALL\n\n\n\n\tA350 A 31 11 12 A3ZZZ 921Z A\n\n\n\n\n\tMP   Replacement of Electrical Items on Panels 317VU and 318VU\n\t\n\nON A C ALL\n\n\n\n\tA350 A 42 41 XX 00ZZZ 343Z A\n\n\n\n\n\tMP   BITE Test of the Common Remote Data Concentrator  CRDC   CRDC Test \n\t\n\nON A C ALL\n\n\n\n\tA350 A 42 41 34 01ZZZ 520Z A\n\n\n\n\n\tMP    Removal of the Common Remote Data Concentrator  CRDC    A03  A05  A06  A08  A09 \n\t\n\nON A C ALL\n\n\n\n\tA350 A 42 41 34 01ZZZ 720Z A\n\n\n\n\n\tMP   Installation of the Common Remote Data Concentrator  CRDC    A03  A05  A06  A08  A09 \n\t\n\nON A C ALL\n\n\n\n\tA350 A 21 22 XX 04ZZZ 054Z A\n\n\n\n\n\tASD   DUCT HTR CTL\n\n\n\n\n\n\n\n\n\n\n\t \t\n\n\n\n\n\t\n1\n\n\t\nJob Set Up Information\n\n\n\n\n\nA \n\nRequired Conditions\n\n\n\n\nTable 2  Required Conditions\n\n\n\tTitle Condition\tData Module Technical Publication\n\tNone\n\n\n\n\n\n\n\n\n\nB \n\nSupport Equipment\n\n\n\n\nTable 3  Support Equipment\n\n\n\tName\tIdentification Reference\tQuantity\tRemarks\n\tNone\n\n\n\n\n\n\n\nC \n\nConsumables Materials and Expendables\n\n\n\n\nTable 4  Consumables Materials and Expendables\n\n\n\tName\tIdentification Reference\tQuantity\tRemarks\n\tNone\n\n\n\n\n\n\n\nD \n\nSpares\n\n\n\n\nTable 5  Spares\n\n\n\tName\tIdentification Reference\tQuantity\tRemarks\n\tNone\n\n\n\n\n\n\n\nE \n\nSafety Conditions\n\n\n\n\nTable 6  Safety Conditions\n\n\n\n\tName\tSafety Requirement\n\tNone\n\n\n\n\n\n\n\n\t2\t\nFault Isolation\n\n\n\n\nON A C ALL\n\n\n\tA\t\n\n\nGo to the Fault Confirmation Ref AFI A350 A 21 22 XX 0MZZZ 429Z A\n\n\n\n Is there confirmation of the fault\n\nYes Go to B No Go to F \n\n\n\n\n\n\n\n\n\n\nON A C ALL\n\n\n\tB\t\n\n\nReplace POT FOOT VENTCAPT  11HE Ref MP A350 A 31 11 12 A3ZZZ 921Z A\n\n\n\n\n\nGo to the Fault Confirmation Ref AFI A350 A 21 22 XX 0MZZZ 429Z A\n\n\n\nDoes the fault continue\n\nYes Go to C No Go to F \n\n\n\n\n\n\n\n\n\n\nON A C ALL\n\n\n\tC\t\n\n\nDisconnect electrical connector BC0 from CRDC A03  1TS03 \n\n\n\n\n\nRemove the lower left control panel of the main instrument panel Ref MP A350 A 31 11 12 02ZZZ 520Z A\n\n\n\n\n\nDo a check and repair the wiring of the A03ANASELCPBPVFTLH signal Ref ASD A350 A 21 22 XX 04ZZZ 054Z A\n\n\n\n\n\n\n\n\n\n\n\n\n\nConnect electrical connector BC0 to CRDC A03  1TS03 \n\n\n\n\n\nInstall the lower left control panel of the main instrument panel Ref MP A350 A 31 11 12 02ZZZ 720Z A\n\n\n\n\n\nGo to the Fault Confirmation Ref AFI A350 A 21 22 XX 0MZZZ 429Z A\n\n\n\nDoes the fault continue\n\nYes Go to D No Go to F \n\n\n\n\n\n\n\n\n\n\nON A C ALL\n\n\n\tD\t\n\n\n Do the BITE test of CRDC A03  CRDC test  Ref MP A350 A 42 41 XX 00ZZZ 343Z A\n\n\n\n\n\nIf the test gives a fault message do the related Fault Isolation procedure \n\n\n\n\n\n Go to the Fault Confirmation Ref AFI A350 A 21 22 XX 0MZZZ 429Z A\n\n\n\nDoes the fault continue\n\nYes Go to E No Go to F \n\n\n\n\n\n\n\n\n\n\nON A C ALL\n\n\n\tE\t\n\n\nIf you did not replace CRDC A03  1TS03  replace it Ref MP A350 A 42 41 34 01ZZZ 520Z A and Ref MP A350 A 42 41 34 01ZZZ 720Z A\n\n\n\n\n\nGo to the Fault Confirmation Ref AFI A350 A 21 22 XX 0MZZZ 429Z A\n\n\n\n\n\tChoice  \n                            Go to Step \n                            F\n\n\n\n\n\n\n\n\n\n\n\nON A C ALL\n\n\n\tF\t\n\n\n Go to the Close up\n\n\n\n\n\tChoice  \n                            Go to Step \n                            3\n\n\n\n\n\n\n\n\n\n\n\n\n\n\n\n\n\n3\n\nRequired Conditions\n\n\n\n\nTable 7  Required Conditions\n\n\n\tTitle Condition\tData Module Technical Publication\n\t\n\nON A C ALL\n\n\nPut the aircraft back to its initial configuration\tNot applicable \n\n\n\n\n\n\n\n\n\n\n\n\n\n\n\n\n\t ","pps_publication_type":"html_content","pps_product_ids":"|223|224|225|226|227|228|229|230|231|232|233|234|235|236|237|238|","pps_document_code1":"A350","pps_document_code2":"A","pps_document_code3":"21","pps_document_code4":"22","pps_document_code5":"XX","pps_document_code6":"0W","pps_document_code7":"001","pps_document_code8":"421","pps_document_code9":"A","pps_document_code10":"A","pps_document_data_fin_type":[]}