{"id":"21291786-0f4d-4d05-9270-4075fed51ca5#0a33bce8-d684-43da-b358-1404919dd6e1#A350-A-00-62-05-11001-018A-D#40957f826cd34bfb8f604192be08ddbc","pps_library_id":"0a33bce8-d684-43da-b358-1404919dd6e1","pps_publication_id":"21291786-0f4d-4d05-9270-4075fed51ca5","pps_publication_title":"TSM","pps_publication_desc":"","pps_revision_num":"[1] ","pps_document_pointer":"A350-A-00-62-05-11001-018A-D","pps_document_title":"11001-018A-D Condition Cross-reference Table (CCT) - Introduction","pps_document_code":"A350-A-00-62-05-11001-018A-D","pps_document_html":" \t\n\n\nTASK A350 A 00 62 05 11001 018A D\n\n\n\nCondition Cross refrence Table  CCT    Introduction   Condition Cross reference Table  CCT    Introduction\n\n\n\n\nON A C 00050058006000640066007000720107010901300132013801400151015301550157016001620165016701680170017201870189019301950205020802100219022198009801\n\n\n\n\n\n\n\n\t\nReferences\n\n\nTable 1  References\n\n\n\tData module Technical publication\tTitle\n\tNone\n\n\n\n\n\n\n\n\n\n\n\n\n\n\t1\t\nOverview\n\n\n\n\n\t \t\n\t\n\n\n\n\n\nON A C 00050058006000640066007000720107010901300132013801400151015301550157016001620165016701680170017201870189019301950205020802100219022198009801\n\n\n\n\n\n\n\n\n\tA\t\nScope and Purpose\n\n\n\n\n\t \t\n\t\n\n\n\t\n\nNOTE\n\n\t\n\nThe technical data package displayed in AirN v   Line Maintenance contains SB   COC   Concessions from Airbus and from suppliers\n\n\n\n\n\n\n\n\n\n\n\n\n\t \t\n\t\n\nThis introduction describes only the Airbus A350 SB   COC   Concession table  Condition Cross reference Table \n\n\n\n\n\n\n\n\t \t\n\t\n\nPlease refer to the introduction of the supplierss Condition Cross reference Table for further information\n\n\n\n\n\n\n\n\t \t\n\t\n\nThe Airbus A350 SB   COC   Concession table  also called Condition Cross reference Table  contains transverse information related to Airbus  Service Bulletins  SBs  Customer Originated Changes  COCs  and Concessions\n\n\n\n\n\n\n\n\t \t\n\t\n\n\n\n\n\nON A C 00050058006000640066007000720107010901300132013801400151015301550157016001620165016701680170017201870189019301950205020802100219022198009801\n\n\n\n\n\n\n\n\n\t 1 \t\nSBs\n\n\n\n\n\t \t\n\t\n\nThe SB   COC   Concession table reflects the incorporation status of the Airbus SBs selected by the Operator and of  which Airbus was notified In addition it contains the incorporation status of the Airbus SBs that are mandatory offered  free of charge included in an Airbus retrofit campaign or optional\n\n\n\n\n\n\n\n\t \t\n\n\n\n\n\n\n\n\n\n\n\t \t\n\t\n\n\n\n\n\nON A C 00050058006000640066007000720107010901300132013801400151015301550157016001620165016701680170017201870189019301950205020802100219022198009801\n\n\n\n\n\n\n\n\n\t 2 \t\nCOCs\n\n\n\n\n\t \t\n\t\n\nThe SB   COC   Concession table also contains the incorporation status of the COCs that have an impact on technical data\n\n\n\n\n\n\n\n\t \t\n\t\n\nA COC can be of two different types\n\n\n\n\n–\n\n\n\nEditorial COC An editorial COC affects technical data without any change on the aircraft\n\n\n\n\n\n\n\n–\n\n\n\nModification COC A modification COC is related to a modification of the aircraft\n\n\n\n\n\n\n\n\n\n\n\n\n\n\n\n\t \t\n\n\n\n\n\n\n\n\n\n\n\t \t\n\t\n\n\n\n\n\nON A C 00050058006000640066007000720107010901300132013801400151015301550157016001620165016701680170017201870189019301950205020802100219022198009801\n\n\n\n\n\n\n\n\n\t 3 \t\nConcessions\n\n\n\n\n\t \t\n\t\n\nThe SB   COC   Concession table reflects the incorporation status of the Concessions that could have an impact on technical data\n\n\n\n\n\n\n\n\t \t\n\t\n\nMore precisely only two types of Concessions are candidates for the SB   COC   Concession table\n\n\n\n\n–\n\n\n\nRestrictions Concessions  type “R” concessions \n\n\nRestrictions Concessions impose a limitation on the use maintenance or life of the item\n\n\n\n\n\n\n\n–\n\n\n\nCustomer Concessions  type “C” concessions \n\n\nCustomer Concessions have to be brought to the attention of the customer only Only Customer Concessions analysed by technical data are available in the SB   COC   Concession table\n\n\n\n\n\n\n\n\n\n\n\n\n\n\n\n\t \t\n\n\n\n\n\n\n\n\n\n\n\t \t\n\n\n\n\n\n\n\n\n\n\n\t \t\n\t\n\n\n\n\n\nON A C 00050058006000640066007000720107010901300132013801400151015301550157016001620165016701680170017201870189019301950205020802100219022198009801\n\n\n\n\n\n\n\n\n\tB\t\nStructure and Content\n\n\n\n\n\t \t\n\t\n\nIn the SB   COC   Concession table all the SBs COCs and Concessions are given in the same condition list sorted as follows\n\n\n\n\n–\n\n\n\nAll SBs first sorted alphanumerically\n\n\n\n\n\n\n\n–\n\n\n\nThen all COCs sorted alphanumerically\n\n\n\n\n\n\n\n–\n\n\n\nFinally all Concessions sorted alphanumerically\n\n\n\n\n\n\n The SB   COC   Concession table contains the following information\n\n\n\n–\n\n\n\nCondition type It makes the difference between SBs COCs and Concessions\n\n\n\n\n\n\n\n–\n\n\n\nCondition reference For an SB it matches with the SB number For a COC it matches  with the COC basic reference For a Concession it matches with the Concession  reference\n\n\n\n\n\n\n\n–\n\n\n\nCondition revision reference For an SB it matches with the SB revision number For a  COC it matches with the COC customer reference\n\n\n\n\n\n\n\n–\n\n\n\nDescription For an SB a COC or a Concession it matches with the title of the SB COC or  Concession\n\n\n\n\n\n\n\n–\n\n\n\nCustomer reference or Engineering order For an SB it matches with the Engineering orders For a COC it matches with the COC technical reference provided by the Operator\n\n\n\n\n\n\n\n–\n\n\n\nVendor SB Number It is only applicable to SBs\n\n\n\n\n\n\n\n\n\n\n\n\n\n\n\n\t \t\n\t\n\nIn addition to the previous characteristics the following data are also available\n\n\n\n\n–\n\n\n\nEmbodiment status of the condition\n\n\n\n\n\n\n\n–\n\n\n\nGlobal incorporation status of the condition by data package and for a given list of  aircraft\n\n\n\n\n\n\n\n–\n\n\n\nList of data modules impacted by the condition with the applicability to each data  module\n\n\n\n\n\n\n\n–\n\n\n\nIncorporation status by condition revision and data  package\n\n\n\n\n\n\n\n\n\n\n\n\n\n\n\n\t \t\n\t\n\nThe embodiment status of a condition is the association of an aircraft range with the condition  embodiment\n\n\n\n\n\n\n\n\t \t\n\t\n\nFor SBs the embodiment status can be\n\n\n\n\n–\n\n\n\nEmbodied When the Operator has notified Airbus of SB retrofit on aircraft\n\n\n\n\n\n\n\n–\n\n\n\nScheduled When the Operator has notified Airbus of his intention to implement the SB  on aircraft or the SB is either mandatory or offered free of charge or included in an  Airbus retrofit campaign or optional\n\n\n\n\n\n\n\n–\n\n\n\nRejected When the Operator has notified Airbus of his decision not to embody this SB on aircraft\n\n\n\n\n\n\n\n–\n\n\n\nNot reported When the Operator has not notified Airbus of the SB embodiment status\n\n\n\n\n\n\n For COCs the embodiment status can be\n\n\n\n–\n\n\n\nNot applicable For an editorial COC the COC embodiment status is “Not applicable”  nevertheless the aircraft applicability of the COC is provided\n\n\n\n\n\n\n\n–\n\n\n\nEmbodied When the Operator has notified Airbus of the EO VSB STC reflected by the COC  installed on the aircraft\n\n\n\n\n\n\n\n–\n\n\n\nScheduled When the Operator has notified Airbus of his intention to implement the EO VSB STC reflected by the COC on the aircraft\n\n\n\n\n\n\nFor Concessions embodiment status is always “Embodied”\n\n\n\n\n\n\n\t \t\n\t\n\nThe incorporation status or date is provided as follows\n\n\n\n\n–\n\n\n\nIf a condition or condition revision is fully incorporated the incorporation status is set to “Incorporated” and the incorporation date is provided\n\n\n\n\n\n\n\n–\n\n\n\nIf a condition or condition revision is partially incorporated the incorporation status is  set to “In progress”\n\n\n\n\n\n\n\n–\n\n\n\nIf a condition or condition revision does not affect the technical data content the  comment “No effect” is given\n\n\n\n\n\n\n\n\n\n\n\n\n\n\n\n\t \t\n\n\n\n\n\n\n\n\n\n\n\t \t\n\n\n\n\n\n\n\n\n\n\t ","pps_publication_type":"html_content","pps_product_ids":"|223|224|225|226|227|228|229|230|231|232|233|234|235|236|237|238|","pps_document_code1":"A350","pps_document_code2":"A","pps_document_code3":"00","pps_document_code4":"62","pps_document_code5":"05","pps_document_code6":"11","pps_document_code7":"001","pps_document_code8":"018","pps_document_code9":"A","pps_document_code10":"D","pps_document_data_fin_type":[]}