{"id":"21291786-0f4d-4d05-9270-4075fed51ca5#0a33bce8-d684-43da-b358-1404919dd6e1#A350-A-00-61-10-11001-018A-D#ee32c143d14941eade12e7cb491c4e44","pps_library_id":"0a33bce8-d684-43da-b358-1404919dd6e1","pps_publication_id":"21291786-0f4d-4d05-9270-4075fed51ca5","pps_publication_title":"TSM","pps_publication_desc":"","pps_revision_num":"[1] ","pps_document_pointer":"A350-A-00-61-10-11001-018A-D","pps_document_title":"11001-018A-D System Description - Introduction","pps_document_code":"A350-A-00-61-10-11001-018A-D","pps_document_html":" \t\n\n\nTASK A350 A 00 61 10 11001 018A D\n\n\n\nSystem Description   Introduction   System Description   Introduction\n\n\n\n\nON A C 00050058006000640066007000720107010901300132013801400151015301550157016001620165016701680170017201870189019301950205020802100219022198009801\n\n\n\n\n\n\n\n\t\nReferences\n\n\nTable 1  References\n\n\n\tData module Technical publication\tTitle\n\tNone\n\n\n\n\n\n\n\n\n\n\n\n\n\n\t1\t\nGeneral\n\n\n\n\n\t \t\n\t\n\n\n\n\n\nON A C 00050058006000640066007000720107010901300132013801400151015301550157016001620165016701680170017201870189019301950205020802100219022198009801\n\n\n\n\n\n\n\n\n\tA\t\nPurpose\n\n\n\n\n\t \t\n\t\n\n The purpose of the aircraft maintenance System Description  SD  is to provide training oriented data to enable skilled maintenance personnel to understand the architecture function operation and control of a system subsystem or sub subsystem\n\n\n\n\n\n\n\n\t \t\n\t\n\nThe SD gives a detailed description of a system to supplement fault isolation\n\n\n\n\n\n\n\n\t \t\n\n\n\n\n\n\n\n\n\n\n\t \t\n\t\n\n\n\n\n\nON A C 00050058006000640066007000720107010901300132013801400151015301550157016001620165016701680170017201870189019301950205020802100219022198009801\n\n\n\n\n\n\n\n\n\tB\t\nScope\n\n\n\n\n\t \t\n\t\n\n The SDs can be of 2 different levels\n\n\n\n\n–\n\n\n\nFirst level used at 2 digits  CH 00 00  for chapters 21 to 52 and 71\n\n\nIt gives a general description of the main maintenance related features of the system\n\n\nThese SDs are designed to satisfy training needs\n\n\n\n\n\n\n\n\n\n\n\n\n–\n\n\n\nSecond level used at 2 digits for chapters 05 to 20 53 to 57 70 and 72 to 80 and at 3 and 4 digits  CH SE 00  for all the other chapters\n\n\n\n\n\n\n\n\n\n\n\n\n\n\n\n\t \t\n\n\n\n\n\n\n\n\n\n\n\t \t\n\t\n\n\n\n\n\nON A C 00050058006000640066007000720107010901300132013801400151015301550157016001620165016701680170017201870189019301950205020802100219022198009801\n\n\n\n\n\n\n\n\n\tC\t\nSD Structure\n\n\n\n\n\t \t\n\t\n\n\n\n\n\nON A C 00050058006000640066007000720107010901300132013801400151015301550157016001620165016701680170017201870189019301950205020802100219022198009801\n\n\n\n\n\n\n\n\n\t 1 \t\nFirst Level SD\n\n\n\n\n\t \t\n\t\n\n This SD type gives a general description of the main maintenance related features of the aircraft systems It gives a top level description of the aircraft systems\n\n\n\n\n\n\n\n\t \t\n\t\n\nIt is broken down into 3 main paragraphs as follows\n\n\n\n\n\n\n\n\t \t\n\t\n\n1 Overview\n\n\n\n\n\n\n\n\t \t\n\t\n\n2 Presentation\n\n\n\n\n\n\n\n\t \t\n\t\n\n3 Maintenance\n\n\n\n\n\n\n\n\t \t\n\t\n\nAdditional paragraph s  can be added as necessary\n\n\n\n\n\n\n\n\t \t\n\n\n\n\n\n\n\n\n\n\n\t \t\n\t\n\n\n\n\n\nON A C 00050058006000640066007000720107010901300132013801400151015301550157016001620165016701680170017201870189019301950205020802100219022198009801\n\n\n\n\n\n\n\n\n\t 2 \t\nSecond Level SD\n\n\n\n\n\t \t\n\t\n\nThis SD type gives a full description of the aircraft systems and structure with all the information necessary to understand the system architecture operation indicating and related interfaces\n\n\n\n\n\n\n\n\t \t\n\t\n\nThis SD type is broken down into 7 main paragraphs as follows\n\n\n\n\n\n\n\n\t \t\n\t\n\n1 Overview\n\n\n\n\n\n\n\n\t \t\n\t\n\n2 Function Description\n\n\n\n\n\n\n\n\t \t\n\t\n\nAnd if applicable\n\n\n\n\n\n\n\n\t \t\n\t\n\n3 Location of the major components of the subsystem on the aircraft or on a major component\n\n\n\n\n\n\n\n\t \t\n\t\n\n4 Interface\n\n\n\n\n\n\n\n\t \t\n\t\n\n5 Operation Control and Indicating\n\n\n\n\n\n\n\n\t \t\n\t\n\n6 Brief description of BITE or special system test \n\n\n\n\n\n\n\n\t \t\n\t\n\n7 Power Supply\n\n\n\n\n\n\n\n\t \t\n\n\n\n\n\n\n\n\n\n\n\t \t\n\n\n\n\n\n\n\n\n\n\n\t \t\n\n\n\n\n\n\n\n\n\n\t ","pps_publication_type":"html_content","pps_product_ids":"|223|224|225|226|227|228|229|230|231|232|233|234|235|236|237|238|","pps_document_code1":"A350","pps_document_code2":"A","pps_document_code3":"00","pps_document_code4":"61","pps_document_code5":"10","pps_document_code6":"11","pps_document_code7":"001","pps_document_code8":"018","pps_document_code9":"A","pps_document_code10":"D","pps_document_data_fin_type":[]}