{"id":"21291786-0f4d-4d05-9270-4075fed51ca5#0a33bce8-d684-43da-b358-1404919dd6e1#A350-A-21-21-XX-0H001-421A-A#218b15f97c5289bce4833336eba50673","pps_library_id":"0a33bce8-d684-43da-b358-1404919dd6e1","pps_publication_id":"21291786-0f4d-4d05-9270-4075fed51ca5","pps_publication_title":"TSM","pps_publication_desc":"","pps_revision_num":"[1] ","pps_document_pointer":"A350-A-21-21-XX-0H001-421A-A","pps_document_title":"0H001-421A-A Fault of Recirculation Fan 4 on the Right Side - Permanently Inoperative","pps_document_code":"A350-A-21-21-XX-0H001-421A-A","pps_document_html":" \t\n\nTASK A350 A 21 21 XX 0H001 421A A\n\n\n\nCabin Fresh Recirculated Air Distribution Control and Monitoring   Fault of Recirculation Fan 4 on the Right Side   Permanently Inoperative\n\n\n\n\nON A C ALL\n\n\n\n\n\n\n\nReferences\t\n\nTable 1  References\n\n\n\tData Module Technical Publication\tTitle\n\t\n\nON A C ALL\n\n\n\n\tA350 A 21 21 XX 3YZZZ 429Z A\n\n\n\n\n\tAFI   FAULT CONFIRMATION\n\t\n\nON A C ALL\n\n\n\n\tA350 A 21 21 55 00ZZZ 520Z A\n\n\n\n\n\tMP   Removal of the Recirculation Fan\n\t\n\nON A C ALL\n\n\n\n\tA350 A 21 21 55 00ZZZ 720Z A\n\n\n\n\n\tMP   Installation of the Recirculation Fan\n\t\n\nON A C ALL\n\n\n\n\tA350 A 21 21 XX 02ZZZ 051Z A\n\n\n\n\n\tAWD   POWER SUPPLY RECIRC FAN RIGHT\n\n\n\n\n\n\n\n\n\n\n\t \t\n\n\n\n\n\t\n1\n\n\t\nJob Set Up Information\n\n\n\n\n\nA \n\nRequired Conditions\n\n\n\n\nTable 2  Required Conditions\n\n\n\tTitle Condition\tData Module Technical Publication\n\tNone\n\n\n\n\n\n\n\n\n\nB \n\nSupport Equipment\n\n\n\n\nTable 3  Support Equipment\n\n\n\tName\tIdentification Reference\tQuantity\tRemarks\n\tNone\n\n\n\n\n\n\n\nC \n\nConsumables Materials and Expendables\n\n\n\n\nTable 4  Consumables Materials and Expendables\n\n\n\tName\tIdentification Reference\tQuantity\tRemarks\n\tNone\n\n\n\n\n\n\n\nD \n\nSpares\n\n\n\n\nTable 5  Spares\n\n\n\tName\tIdentification Reference\tQuantity\tRemarks\n\tNone\n\n\n\n\n\n\n\nE \n\nSafety Conditions\n\n\n\n\nTable 6  Safety Conditions\n\n\n\n\tName\tSafety Requirement\n\tNone\n\n\n\n\n\n\n\n\t2\t\nFault Isolation\n\n\n\n\nON A C ALL\n\n\n\tA\t\n\n\nGo to the Fault Confirmation Ref AFI A350 A 21 21 XX 3YZZZ 429Z A\n\n\n\nIs there confirmation of the fault\n\nYes Go to B No Go to E \n\n\n\n\n\n\n\n\n\n\nON A C ALL\n\n\n\tB\t\n\n\n Disconnect electrical connector B from recirculation fan 4 on the right side  104HG \n\n\n\n\n\n Disconnect electrical connector M65 from EPDC2  2XZ \n\n\n\n\n\n Do a continuity check of the RCFANRH2DISEPDC2FLT signal Ref AWD A350 A 21 21 XX 02ZZZ 051Z A\n\n\n\n\n\n\n\n\n\n\n\n Is there continuity\n\nYes Go to C No Go to D \n\n\n\n\n\n\n\n\n\n\nON A C ALL\n\n\n\tC\t\n\n\n Connect electrical connector M65 to EPDC2  2XZ \n\n\n\n\n\n Replace FAN RECIRC 4RH  104HG Ref MP A350 A 21 21 55 00ZZZ 520Z A and Ref MP A350 A 21 21 55 00ZZZ 720Z A\n\n\n\n\n\n Go to the Fault Confirmation Ref AFI A350 A 21 21 XX 3YZZZ 429Z A\n\n\n\n\n\tChoice  \n                            Go to Step \n                            E\n\n\n\n\n\n\n\n\n\n\n\nON A C ALL\n\n\n\tD\t\n\n\n Repair the wiring of the RCFANRH2DISEPDC2FLT signal Ref AWD A350 A 21 21 XX 02ZZZ 051Z A\n\n\n\n\n\n\n\n\n\n\n\n\n\n Connect electrical connector B to recirculation fan 4 on the right side  104HG \n\n\n\n\n\n Connect electrical connector M65 to EPDC2  2XZ \n\n\n\n\n\n Go to the Fault Confirmation Ref AFI A350 A 21 21 XX 3YZZZ 429Z A\n\n\n\n\n\tChoice  \n                            Go to Step \n                            E\n\n\n\n\n\n\n\n\n\n\n\nON A C ALL\n\n\n\tE\t\n\n\nGo to the Close up\n\n\n\n\n\tChoice  \n                            Go to Step \n                            3\n\n\n\n\n\n\n\n\n\n\n\n\n\n\n\n\n\n3\n\nRequired Conditions\n\n\n\n\nTable 7  Required Conditions\n\n\n\tTitle Condition\tData Module Technical Publication\n\t\n\nON A C ALL\n\n\nPut the aircraft back to its initial configuration\tNot applicable \n\n\n\n\n\n\n\n\n\n\n\n\n\n\n\n\n\t ","pps_publication_type":"html_content","pps_product_ids":"|223|224|225|226|227|228|229|230|231|232|233|234|235|236|237|238|","pps_document_code1":"A350","pps_document_code2":"A","pps_document_code3":"21","pps_document_code4":"21","pps_document_code5":"XX","pps_document_code6":"0H","pps_document_code7":"001","pps_document_code8":"421","pps_document_code9":"A","pps_document_code10":"A","pps_document_data_fin_type":[]}