{"id":"21291786-0f4d-4d05-9270-4075fed51ca5#0a33bce8-d684-43da-b358-1404919dd6e1#A350-A-21-21-XX-4K001-421A-A#e957b4b8a9f640504baf3d21fb8f4455","pps_library_id":"0a33bce8-d684-43da-b358-1404919dd6e1","pps_publication_id":"21291786-0f4d-4d05-9270-4075fed51ca5","pps_publication_title":"TSM","pps_publication_desc":"","pps_revision_num":"[1] ","pps_document_pointer":"A350-A-21-21-XX-4K001-421A-A","pps_document_title":"4K001-421A-A Low Pressure Fault of the Mixing Unit","pps_document_code":"A350-A-21-21-XX-4K001-421A-A","pps_document_html":" \t\n\nTASK A350 A 21 21 XX 4K001 421A A\n\n\n\nCabin Fresh Recirculated Air Distribution Control and Monitoring   Low Pressure Fault of the Mixing Unit\n\n\n\n\nON A C ALL\n\n\n\n\n\n\n\nReferences\t\n\nTable 1  References\n\n\n\tData Module Technical Publication\tTitle\n\t\n\nON A C ALL\n\n\n\n\tA350 A 21 21 XX 3YZZZ 429Z A\n\n\n\n\n\tAFI   FAULT CONFIRMATION\n\t\n\nON A C ALL\n\n\n\n\tA350 A 21 XX XX 02ZZZ 398Z A\n\n\n\n\n\tMP   Pre Conditioning with the APU\n\t\n\nON A C ALL\n\n\n\n\tA350 A 21 21 64 00ZZZ 282Z A\n\n\n\n\n\tMP   Inspection of the Mixing Unit for Leaks\n\t\n\nON A C ALL\n\n\n\n\tA350 A 21 52 XX 00ZZZ 282Z A\n\n\n\n\n\tMP   Leak Check between the Pack Outlet Check Valve and the Reheater Condenser\n\t\n\nON A C ALL\n\n\n\n\tA350 A 36 1X XX 00ZZZ 343Z A\n\n\n\n\n\tMP   BITE Test of the Bleed Air System  BAS   System Test \n\t\n\nON A C ALL\n\n\n\n\tA350 A 45 45 XX 00ZZZ 345Z A\n\n\n\n\n\tMP   Generic Procedure to Start a BITE Scanning  for a Given Avionics System\n\n\n\n\n\n\n\n\n\n\n\t \t\n\n\n\n\n\t\n1\n\n\t\nJob Set Up Information\n\n\n\n\n\nA \n\nRequired Conditions\n\n\n\n\nTable 2  Required Conditions\n\n\n\tTitle Condition\tData Module Technical Publication\n\tNone\n\n\n\n\n\n\n\n\n\nB \n\nSupport Equipment\n\n\n\n\nTable 3  Support Equipment\n\n\n\tName\tIdentification Reference\tQuantity\tRemarks\n\tNone\n\n\n\n\n\n\n\nC \n\nConsumables Materials and Expendables\n\n\n\n\nTable 4  Consumables Materials and Expendables\n\n\n\tName\tIdentification Reference\tQuantity\tRemarks\n\tNone\n\n\n\n\n\n\n\nD \n\nSpares\n\n\n\n\nTable 5  Spares\n\n\n\tName\tIdentification Reference\tQuantity\tRemarks\n\tNone\n\n\n\n\n\n\n\nE \n\nSafety Conditions\n\n\n\n\nTable 6  Safety Conditions\n\n\n\n\tName\tSafety Requirement\n\tNone\n\n\n\n\n\n\n\n\t2\t\nFault Isolation\n\n\n\n\nON A C ALL\n\n\n\tA\t\n\n\nDo a check of the ground air supply unit to make sure that it is not connected to the two low pressure ground connectors\n\n\n\n\n\nGo to the Fault Confirmation Ref AFI A350 A 21 21 XX 3YZZZ 429Z A\n\n\n\n\n\n\t\n\nNOTE\n\n\t\n\nThe fault confirmation in some cases resets the dispatch message The reset of the dispatch message does not mean the fault is cleared When the fault is confirmed continue the fault isolation procedure The fault continues to be present\n\n\n\n\n\n\nIs there confirmation of the fault\n\nYes Go to B No Go to E \n\n\n\n\n\n\n\n\n\n\nON A C ALL\n\n\n\tB\t\n\n\nDo a check of the PFR for a fault code or a warning malfunction related to the mixing unit pressure sensors\n\n\n\nIs there a fault code or a warning malfunction related to the mixing unit pressure sensors\n\nYes Go to J No Go to C \n\n\n\n\n\n\n\n\n\n\nON A C ALL\n\n\n\tC\t\n\n\nDo an inspection of the mixing unit for leaks Ref MP A350 A 21 21 64 00ZZZ 282Z A\n\n\n\nAre there leaks\n\nYes Go to D No Go to E \n\n\n\n\n\n\n\n\n\n\nON A C ALL\n\n\n\tD\t\n\n\nWhere you find leaks replace the applicable part of the duct and the parts that are connected to it\n\n\n\n\n\nGo to the Fault Confirmation Ref AFI A350 A 21 21 XX 3YZZZ 429Z A\n\n\n\nDoes the fault continue\n\nYes Go to E No Go to K \n\n\n\n\n\n\n\n\n\n\nON A C ALL\n\n\n\tE\t\n\n\nDo the pre conditioning with the APU for 5 minutes Ref MP A350 A 21 XX XX 02ZZZ 398Z A\n\n\n\n\n\nOn the ECAM display do a check for the “COND MIXER PRESS REGUL FAULT” warning\n\n\n\nDoes the “COND MIXER PRESS REGUL FAULT” warning come into view\n\nYes Go to F No Go to G \n\n\n\n\n\n\n\n\n\n\nON A C ALL\n\n\n\tF\t\n\n\nDo a leak check between the pack outlet check valves and the reheater condensers Ref MP A350 A 21 52 XX 00ZZZ 282Z A\n\n\n\nAre there leaks\n\nYes Go to H No Go to I \n\n\n\n\n\n\n\n\n\n\nON A C ALL\n\n\n\tG\t\n\n\nDo the BITE test of the BAS  System test  Ref MP A350 A 36 1X XX 00ZZZ 343Z A\n\n\n\n\n\nIf the test gives a fault message do the related Fault Isolation procedure \n\n\n\n\n\nGo to the Fault Confirmation Ref AFI A350 A 21 21 XX 3YZZZ 429Z A\n\n\n\n\n\tChoice  \n                            Go to Step \n                            K\n\n\n\n\n\n\n\n\n\n\n\nON A C ALL\n\n\n\tH\t\n\n\nWhere you find leaks replace the applicable part of the duct and the parts that are connected to it\n\n\n\n\n\nGo to the Fault Confirmation Ref AFI A350 A 21 21 XX 3YZZZ 429Z A\n\n\n\n\n\tChoice  \n                            Go to Step \n                            K\n\n\n\n\n\n\n\n\n\n\n\nON A C ALL\n\n\n\tI\t\n\n\nDo the BITE scanning of the VCS Ref MP A350 A 45 45 XX 00ZZZ 345Z A\n\n\n\n\n\tChoice  \n                            Go to Step \n                            K\n\n\n\n\n\n\n\n\n\n\n\nON A C ALL\n\n\n\tJ\t\n\n\nDo the related Fault Isolation procedure\n\n\n\n\n\nDo the BITE scanning of the VCS Ref MP A350 A 45 45 XX 00ZZZ 345Z A\n\n\n\n\n\tChoice  \n                            Go to Step \n                            K\n\n\n\n\n\n\n\n\n\n\n\nON A C ALL\n\n\n\tK\t\n\n\nGo to the Close up\n\n\n\n\n\tChoice  \n                            Go to Step \n                            3\n\n\n\n\n\n\n\n\n\n\n\n\n\n\n\n\n\n3\n\nRequired Conditions\n\n\n\n\nTable 7  Required Conditions\n\n\n\tTitle Condition\tData Module Technical Publication\n\t\n\nON A C ALL\n\n\nPut the aircraft back to its initial configuration\tNot applicable \n\n\n\n\n\n\n\n\n\n\n\n\n\n\n\n\n\t ","pps_publication_type":"html_content","pps_product_ids":"|223|224|225|226|227|228|229|230|231|232|233|234|235|236|237|238|","pps_document_code1":"A350","pps_document_code2":"A","pps_document_code3":"21","pps_document_code4":"21","pps_document_code5":"XX","pps_document_code6":"4K","pps_document_code7":"001","pps_document_code8":"421","pps_document_code9":"A","pps_document_code10":"A","pps_document_data_fin_type":[]}