{"id":"21291786-0f4d-4d05-9270-4075fed51ca5#0a33bce8-d684-43da-b358-1404919dd6e1#A350-A-00-61-12-11ZZZ-018Z-D#4b3eab823d446613f15aaf85cf3527af","pps_library_id":"0a33bce8-d684-43da-b358-1404919dd6e1","pps_publication_id":"21291786-0f4d-4d05-9270-4075fed51ca5","pps_publication_title":"TSM","pps_publication_desc":"","pps_revision_num":"[1] ","pps_document_pointer":"A350-A-00-61-12-11ZZZ-018Z-D","pps_document_title":"11ZZZ-018Z-D WIRING DIAGRAM - INTRODUCTION","pps_document_code":"A350-A-00-61-12-11ZZZ-018Z-D","pps_document_html":" \t\n\n\t\n\nReferences\t\n\nTable 1  References\n\n\n\tData Module Technical Publication\tTitle\n\t\n\nON A C 00050058006000640066007000720107010901300132013801400151015301550157016001620165016701680170017201870189019301950205020802100219022198009801\n\n\n\n\tA350 A 00 61 12 11001 018A D\n\n\n\n\n\tINTRO   Wiring Diagram   Introduction\n\n\n\n\n\n\n\n\n\n\n\n\n\n\n\n\n\t ","pps_publication_type":"html_content","pps_product_ids":"|223|224|225|226|227|228|229|230|231|232|233|234|235|236|237|238|","pps_document_code1":"A350","pps_document_code2":"A","pps_document_code3":"00","pps_document_code4":"61","pps_document_code5":"12","pps_document_code6":"11","pps_document_code7":"ZZZ","pps_document_code8":"018","pps_document_code9":"Z","pps_document_code10":"D","pps_document_data_fin_type":[]}