{"id":"21291786-0f4d-4d05-9270-4075fed51ca5#0a33bce8-d684-43da-b358-1404919dd6e1#A350-A-00-62-02-11001-018A-D#a2ff35d9b3ed288963771c0edeed60f9","pps_library_id":"0a33bce8-d684-43da-b358-1404919dd6e1","pps_publication_id":"21291786-0f4d-4d05-9270-4075fed51ca5","pps_publication_title":"TSM","pps_publication_desc":"","pps_revision_num":"[1] ","pps_document_pointer":"A350-A-00-62-02-11001-018A-D","pps_document_title":"11001-018A-D Aircraft Breakdown - Introduction","pps_document_code":"A350-A-00-62-02-11001-018A-D","pps_document_html":" \t\n\n\nTASK A350 A 00 62 02 11001 018A D\n\n\n\nAircraft Breakdown   Introduction   Aircraft Breakdown   Introduction\n\n\n\n\nON A C 00050058006000640066007000720107010901300132013801400151015301550157016001620165016701680170017201870189019301950205020802100219022198009801\n\n\n\n\n\n\n\n\t\nReferences\n\n\nTable 1  References\n\n\n\tData module Technical publication\tTitle\n\tNone\n\n\n\n\n\n\n\n\n\n\n\n\n\n\t1\t\nScope and Purpose\n\n\n\n\n\t \t\n\t\n\n\n\n\n\nON A C 00050058006000640066007000720107010901300132013801400151015301550157016001620165016701680170017201870189019301950205020802100219022198009801\n\n\n\n\tA\t\n\tThis introduction presents the content of the aircraft functional breakdown  Standard Numbering System  SNS  list and associated designations \n\n\n\n\n\n\t \t\n\n\n\n\n\n\n\n\n\n\n\n\n\t \t\n\n\n\n\n\n\n\n\n\n\t2\t\nStructure and Content\n\n\n\n\n\t \t\n\t\n\n\n\n\n\nON A C 00050058006000640066007000720107010901300132013801400151015301550157016001620165016701680170017201870189019301950205020802100219022198009801\n\n\n\n\n\n\n\n\n\tA\t\nStandard Numbering System  SNS \n\n\n\n\n\t \t\n\t\n\nThe product structure is broken down in chapter references which correspond to aircraft systems\n\n\n\n\n\n\n\n\t \t\n\t\n\n\n\n\n\n                      Table 2 Aircraft   General SNS 00 up to SNS 12\n\n\n\n\n\n\n\n\n\t\n\n\n00\n\n\n\n\t\n\n\nProduct   General\n\n\n\n\n\n\n\t\n\n\n05\n\n\n\n\t\n\n\nScheduled Unscheduled Maintenance\n\n\n\n\n\n\n\t\n\n\n06\n\n\n\n\t\n\n\nDimensions and Areas\n\n\n\n\n\n\n\t\n\n\n07\n\n\n\n\t\n\n\nLifting and Shoring\n\n\n\n\n\n\n\t\n\n\n08\n\n\n\n\t\n\n\nLeveling and Weighing\n\n\n\n\n\n\n\t\n\n\n09\n\n\n\n\t\n\n\nTowing and Taxiing\n\n\n\n\n\n\n\t\n\n\n10\n\n\n\n\t\n\n\nParking Mooring Storage and Return To Service\n\n\n\n\n\n\n\t\n\n\n11\n\n\n\n\t\n\n\nPlacards and Markings\n\n\n\n\n\n\n\t\n\n\n12\n\n\n\n\t\n\n\nServicing\n\n\n\n\n\n\n\n\n\n\n\n\n\n\t \t\n\t\n\n\n\n\n\n                      Table 3 Airframe Systems SNS 20 up to SNS 50\n\n\n\n\n\n\n\n\n\t\n\n\n20\n\n\n\n\t\n\n\nStandard Practices   Airframe systems\n\n\n\n\n\n\n\t\n\n\n21\n\n\n\n\t\n\n\nAir Conditioning\n\n\n\n\n\n\n\t\n\n\n22\n\n\n\n\t\n\n\nAuto Flight\n\n\n\n\n\n\n\t\n\n\n23\n\n\n\n\t\n\n\nCommunications\n\n\n\n\n\n\n\t\n\n\n24\n\n\n\n\t\n\n\nElectrical Power\n\n\n\n\n\n\n\t\n\n\n25\n\n\n\n\t\n\n\nEquipment Furnishings\n\n\n\n\n\n\n\t\n\n\n26\n\n\n\n\t\n\n\nFire Protection\n\n\n\n\n\n\n\t\n\n\n27\n\n\n\n\t\n\n\nFlight Controls\n\n\n\n\n\n\n\t\n\n\n28\n\n\n\n\t\n\n\nFuel\n\n\n\n\n\n\n\t\n\n\n29\n\n\n\n\t\n\n\nHydraulic Power\n\n\n\n\n\n\n\t\n\n\n30\n\n\n\n\t\n\n\nIce and Rain Protection\n\n\n\n\n\n\n\t\n\n\n31\n\n\n\n\t\n\n\nIndicating Recording Systems\n\n\n\n\n\n\n\t\n\n\n32\n\n\n\n\t\n\n\nLanding Gear\n\n\n\n\n\n\n\t\n\n\n33\n\n\n\n\t\n\n\nLights\n\n\n\n\n\n\n\t\n\n\n34\n\n\n\n\t\n\n\nNavigation\n\n\n\n\n\n\n\t\n\n\n35\n\n\n\n\t\n\n\nOxygen\n\n\n\n\n\n\n\t\n\n\n36\n\n\n\n\t\n\n\nPneumatic\n\n\n\n\n\n\n\t\n\n\n38\n\n\n\n\t\n\n\nWater Waste\n\n\n\n\n\n\n\t\n\n\n42\n\n\n\n\t\n\n\nIntegrated Modular Avionics\n\n\n\n\n\n\n\t\n\n\n44\n\n\n\n\t\n\n\nCabin Systems\n\n\n\n\n\n\n\t\n\n\n45\n\n\n\n\t\n\n\nCentral Maintenance System  CMS \n\n\n\n\n\n\n\t\n\n\n46\n\n\n\n\t\n\n\nInformation Systems\n\n\n\n\n\n\n\t\n\n\n47\n\n\n\n\t\n\n\nInert Gas System\n\n\n\n\n\n\n\t\n\n\n49\n\n\n\n\t\n\n\nAirborne Auxiliary Power\n\n\n\n\n\n\n\t\n\n\n50\n\n\n\n\t\n\n\nCargo and Accessory Compartments\n\n\n\n\n\n\n\n\n\n\n\n\n\n\t \t\n\t\n\n\n\n\n\n                      Table 4 Structure SNS 51 up to SNS 57\n\n\n\n\n\n\n\n\n\t\n\n\n51\n\n\n\n\t\n\n\nStandard Practices   Structures\n\n\n\n\n\n\n\t\n\n\n52\n\n\n\n\t\n\n\nDoors\n\n\n\n\n\n\n\t\n\n\n53\n\n\n\n\t\n\n\nFuselage\n\n\n\n\n\n\n\t\n\n\n54\n\n\n\n\t\n\n\nNacelles Pylons\n\n\n\n\n\n\n\t\n\n\n55\n\n\n\n\t\n\n\nStabilizers\n\n\n\n\n\n\n\t\n\n\n56\n\n\n\n\t\n\n\nWindows\n\n\n\n\n\n\n\t\n\n\n57\n\n\n\n\t\n\n\nWings\n\n\n\n\n\n\n\n\n\n\n\n\n\n\t \t\n\t\n\n\n\n\n\n                      Table 5 Power Plant SNS 70 up to 80\n\n\n\n\n\n\n\n\n\t\n\n\n70\n\n\n\n\t\n\n\nStandard Practices   Engine\n\n\n\n\n\n\n\t\n\n\n71\n\n\n\n\t\n\n\nPower Plant\n\n\n\n\n\n\n\t\n\n\n72\n\n\n\n\t\n\n\nEngine\n\n\n\n\n\n\n\t\n\n\n73\n\n\n\n\t\n\n\nEngine Fuel and Control\n\n\n\n\n\n\n\t\n\n\n74\n\n\n\n\t\n\n\nIgnition\n\n\n\n\n\n\n\t\n\n\n75\n\n\n\n\t\n\n\nAir\n\n\n\n\n\n\n\t\n\n\n76\n\n\n\n\t\n\n\nEngine Controls\n\n\n\n\n\n\n\t\n\n\n77\n\n\n\n\t\n\n\nEngine Indicating\n\n\n\n\n\n\n\t\n\n\n78\n\n\n\n\t\n\n\nExhaust\n\n\n\n\n\n\n\t\n\n\n79\n\n\n\n\t\n\n\nOil\n\n\n\n\n\n\n\t\n\n\n80\n\n\n\n\t\n\n\nStarting\n\n\n\n\n\n\n\n\n\n\n\n\n\n\t \t\n\t\n\n\n\n\n\n                      Table 6 Wiring\n\n\n\n\n\n\n\n\n\t\n\n\n91\n\n\n\n\t\n\n\nAir Vehicle Wiring\n\n\n\n\n\n\n\n\n\n\n\n\n\n\t \t\n\n\n\n\n\n\n\n\n\n\n\t \t\n\t\n\n\n\n\n\nON A C 00050058006000640066007000720107010901300132013801400151015301550157016001620165016701680170017201870189019301950205020802100219022198009801\n\n\n\n\n\n\n\n\n\tB\t\nBreakdown Description\n\n\n\n\n\t \t\n\t\n\nEach chapter system is broken down into sections sub systems  combination of functional physical groups  then into sub sections sub sub systems  installations circuits  and finally into subjects\n\n\n\n\n\n\n\n\t \t\n\t\n\nExample\n\n\n\n\n\n\n\n\t \t\n\t\n\n\n\n\nTable 7\n\n\n\n\n\n\n\n\n\t\n\n\n27 00 00 \n\n\n\n\t\n\n\nFlight Controls  chapter system level \n\n\n\n\n\n\n\t\n\n\n27 10 00\n\n\n\n\t\n\n\nAileron  section sub system level \n\n\n\n\n\n\n\t\n\n\n27 14 00\n\n\n\n\t\n\n\nAileron Actuation and Monitoring  sub section sub sub system \n\n\n\n\n\n\n\t\n\n\n27 14 15\n\n\n\n\t\n\n\nTransducer Unit Aileron Position  subject level \n\n\n\n\n\n\n\n\n\n\n\n\n\n\t \t\n\n\n\n\n\n\n\n\n\n\n\t \t\n\n\n\n\n\n\n\n\t3\t\nSpecific Breakdown for Introductions\n\n\n\n\n\t \t\n\t\n\n\n\n\n\nON A C 00050058006000640066007000720107010901300132013801400151015301550157016001620165016701680170017201870189019301950205020802100219022198009801\n\n\n\n\tA\t\n\t\n\n\n\n\nTable 8\n\n\n\n\n\n\n\n\n\t\n\n\nCH\n\n\n\n\t\n\n\nSE\n\n\n\n\t\n\n\nSU\n\n\n\n\t\n\n\nDesignation\n\n\n\n\n\n\n\t\n\n\n00\n\n\n\n\t\n\n\n60\n\n\n\n\t\n\n\n00\n\n\n\n\t\n\n\nIntroductions\n\n\n\n\n\n\n\n\n\t\n\n\n00\n\n\n\n\t\n\n\n61\n\n\n\n\t\n\n\n00\n\n\n\n\t\n\n\nTechnical Products\n\n\n\n\n\n\n\t\n\n\n00\n\n\n\n\t\n\n\n61\n\n\n\n\t\n\n\n01\n\n\n\n\t\n\n\nElectrical Standard Practices   Introduction\n\n\n\n\n\n\n\t\n\n\n00\n\n\n\n\t\n\n\n61\n\n\n\n\t\n\n\n02\n\n\n\n\t\n\n\nFault Reporting and Isolation   Introduction\n\n\n\n\n\n\n\t\n\n\n00\n\n\n\n\t\n\n\n61\n\n\n\n\t\n\n\n03\n\n\n\n\t\n\n\nMaintenance IPD   Introduction\n\n\n\n\n\n\n\t\n\n\n00\n\n\n\n\t\n\n\n61\n\n\n\n\t\n\n\n04\n\n\n\n\t\n\n\nMaintenance Procedure   Introduction\n\n\n\n\n\n\n\t\n\n\n00\n\n\n\n\t\n\n\n61\n\n\n\n\t\n\n\n05\n\n\n\n\t\n\n\nMechanical Standard Practices   Introduction\n\n\n\n\n\n\n\t\n\n\n00\n\n\n\n\t\n\n\n61\n\n\n\n\t\n\n\n06\n\n\n\n\t\n\n\nNon Destructive Testing   Introduction\n\n\n\n\n\n\n\t\n\n\n00\n\n\n\n\t\n\n\n61\n\n\n\n\t\n\n\n07\n\n\n\n\t\n\n\nSchematic Diagram   Introduction\n\n\n\n\n\n\n\t\n\n\n00\n\n\n\n\t\n\n\n61\n\n\n\n\t\n\n\n08\n\n\n\n\t\n\n\nStructural Repair Instructions   Introduction\n\n\n\n\n\n\n\t\n\n\n00\n\n\n\n\t\n\n\n61\n\n\n\n\t\n\n\n09\n\n\n\n\t\n\n\nStructural Repair IPD   Introduction\n\n\n\n\n\n\n\t\n\n\n00\n\n\n\n\t\n\n\n61\n\n\n\n\t\n\n\n10\n\n\n\n\t\n\n\nSystem Description   Introduction\n\n\n\n\n\n\n\t\n\n\n00\n\n\n\n\t\n\n\n61\n\n\n\n\t\n\n\n11\n\n\n\n\t\n\n\nTraining Description   Introduction\n\n\n\n\n\n\n\t\n\n\n00\n\n\n\n\t\n\n\n61\n\n\n\n\t\n\n\n12\n\n\n\n\t\n\n\nWiring Diagram   Introduction\n\n\n\n\n\n\n\t\n\n\n00\n\n\n\n\t\n\n\n62\n\n\n\n\t\n\n\n00\n\n\n\n\t\n\n\nCommon Information Repositories  CIR \n\n\n\n\n\n\n\t\n\n\n00\n\n\n\n\t\n\n\n62\n\n\n\n\t\n\n\n01\n\n\n\n\t\n\n\nAccess Panel   Introduction\n\n\n\n\n\n\n\t\n\n\n00\n\n\n\n\t\n\n\n62\n\n\n\n\t\n\n\n02\n\n\n\n\t\n\n\nAircraft Breakdown   Introduction\n\n\n\n\n\n\n\t\n\n\n00\n\n\n\n\t\n\n\n62\n\n\n\n\t\n\n\n03\n\n\n\n\t\n\n\nApplicability Cross reference Table  ACT    Introduction\n\n\n\n\n\n\n\t\n\n\n00\n\n\n\n\t\n\n\n62\n\n\n\n\t\n\n\n04\n\n\n\n\t\n\n\nCircuit Breaker  C B    Introduction\n\n\n\n\n\n\n\t\n\n\n00\n\n\n\n\t\n\n\n62\n\n\n\n\t\n\n\n05\n\n\n\n\t\n\n\nCondition Cross reference Table  CCT    Introduction\n\n\n\n\n\n\n\t\n\n\n00\n\n\n\n\t\n\n\n62\n\n\n\n\t\n\n\n06\n\n\n\n\t\n\n\nFunctional Item Number  FIN    Introduction\n\n\n\n\n\n\n\t\n\n\n00\n\n\n\n\t\n\n\n62\n\n\n\n\t\n\n\n07\n\n\n\n\t\n\n\nPart   Introduction\n\n\n\n\n\n\n\t\n\n\n00\n\n\n\n\t\n\n\n62\n\n\n\n\t\n\n\n08\n\n\n\n\t\n\n\nProduct Cross reference Table  PCT \n\n\n\n\n\n\n\t\n\n\n00\n\n\n\n\t\n\n\n62\n\n\n\n\t\n\n\n09\n\n\n\n\t\n\n\nVendor Description   Introduction\n\n\n\n\n\n\n\t\n\n\n00\n\n\n\n\t\n\n\n62\n\n\n\n\t\n\n\n10\n\n\n\n\t\n\n\nWarning and Caution   Introduction\n\n\n\n\n\n\n\t\n\n\n00\n\n\n\n\t\n\n\n62\n\n\n\n\t\n\n\n11\n\n\n\n\t\n\n\nWire Data   Introduction\n\n\n\n\n\n\n\t\n\n\n00\n\n\n\n\t\n\n\n62\n\n\n\n\t\n\n\n12\n\n\n\n\t\n\n\nZone   Introduction\n\n\n\n\n\n\n\t\n\n\n00\n\n\n\n\t\n\n\n63\n\n\n\n\t\n\n\n00\n\n\n\n\t\n\n\nConfiguration Management Data\n\n\n\n\n\n\n\t\n\n\n00\n\n\n\n\t\n\n\n64\n\n\n\n\t\n\n\n00\n\n\n\n\t\n\n\nTerminology\n\n\n\n\n\n\n\t\n\n\n00\n\n\n\n\t\n\n\n65\n\n\n\n\t\n\n\n00\n\n\n\n\t\n\n\nLegal Notice\n\n\n\n\n\n\n\n\n\n\n\n\n\n\n\t \t\n\n\n\n\n\n\n\n\n\n\n\t \t\n\n\n\n\n\n\n\n\n\n\t ","pps_publication_type":"html_content","pps_product_ids":"|223|224|225|226|227|228|229|230|231|232|233|234|235|236|237|238|","pps_document_code1":"A350","pps_document_code2":"A","pps_document_code3":"00","pps_document_code4":"62","pps_document_code5":"02","pps_document_code6":"11","pps_document_code7":"001","pps_document_code8":"018","pps_document_code9":"A","pps_document_code10":"D","pps_document_data_fin_type":[]}