{"id":"21291786-0f4d-4d05-9270-4075fed51ca5#0a33bce8-d684-43da-b358-1404919dd6e1#A350-A-21-21-XX-3Q001-429A-A#f01a8235b7157ad446d7f8be617f4e54","pps_library_id":"0a33bce8-d684-43da-b358-1404919dd6e1","pps_publication_id":"21291786-0f4d-4d05-9270-4075fed51ca5","pps_publication_title":"TSM","pps_publication_desc":"","pps_revision_num":"[1] ","pps_document_pointer":"A350-A-21-21-XX-3Q001-429A-A","pps_document_title":"3Q001-429A-A Fault confirmation","pps_document_code":"A350-A-21-21-XX-3Q001-429A-A","pps_document_html":" \t\n\nTASK A350 A 21 21 XX 3Q001 429A A\n\n\n\nCabin Fresh Recirculated Air Distribution Control and Monitoring   Fault confirmation\n\n\n\n\nON A C ALL\n\n\n\n\n\n\n\n\t\nReferences\n\n\nTable 1  References\n\n\n\tData module Technical publication\tTitle\n\tNone\n\n\n\n\n\n\n\n\n\t \t\n\n\n\n\n\t\n1\n\n\t\nJob Set Up Information\n\n\n\n\n\nA \n\nRequired Conditions\n\n\n\n\nTable 2  Required Conditions\n\n\n\tTitle Condition\tData Module Technical Publication\n\tNone\n\n\n\n\n\n\n\n\n\nB \n\nSupport Equipment\n\n\n\n\nTable 3  Support Equipment\n\n\n\tName\tIdentification Reference\tQuantity\tRemarks\n\tNone\n\n\n\n\n\n\n\nC \n\nConsumables Materials and Expendables\n\n\n\n\nTable 4  Consumables Materials and Expendables\n\n\n\tName\tIdentification Reference\tQuantity\tRemarks\n\tNone\n\n\n\n\n\n\n\nD \n\nSpares\n\n\n\n\nTable 5  Spares\n\n\n\tName\tIdentification Reference\tQuantity\tRemarks\n\tNone\n\n\n\n\n\n\n\nE \n\nSafety Conditions\n\n\n\n\nTable 6  Safety Conditions\n\n\n\n\tName\tSafety Requirement\n\tNone\n\n\n\n\n\n\n\n\t2\t\nFault Isolation\n\n\n\n\nON A C ALL\n\n\n\tA\t\n\n\nNot applicable Fault confirmation is not possible\n\n\n\n\n\tChoice  \n                            Go to Step \n                            B\n\n\n\n\n\n\n\n\n\n\n\nON A C ALL\n\n\n\tB\t\n\n\n Go to the Fault Isolation\n\n\n\nGo to Requirements after Job Completion\n\n\n\n\n\n\n\n\n\n\n\n\n\n\n\n3\n\nRequired Conditions\n\n\n\n\nTable 7  Required Conditions\n\n\n\tTitle Condition\tData Module Technical Publication\n\tNone\n\n\n\n\n\n\n\n\n\n\n\n\n\n\n\n\n\t ","pps_publication_type":"html_content","pps_product_ids":"|223|224|225|226|227|228|229|230|231|232|233|234|235|236|237|238|","pps_document_code1":"A350","pps_document_code2":"A","pps_document_code3":"21","pps_document_code4":"21","pps_document_code5":"XX","pps_document_code6":"3Q","pps_document_code7":"001","pps_document_code8":"429","pps_document_code9":"A","pps_document_code10":"A","pps_document_data_fin_type":[]}