{"id":"21291786-0f4d-4d05-9270-4075fed51ca5#0a33bce8-d684-43da-b358-1404919dd6e1#A350-A-00-65-XX-10000-021A-D#c6260e8627542304b69ff61430d33cdd","pps_library_id":"0a33bce8-d684-43da-b358-1404919dd6e1","pps_publication_id":"21291786-0f4d-4d05-9270-4075fed51ca5","pps_publication_title":"TSM","pps_publication_desc":"","pps_revision_num":"[1] ","pps_document_pointer":"A350-A-00-65-XX-10000-021A-D","pps_document_title":"10000-021A-D Legal notice","pps_document_code":"A350-A-00-65-XX-10000-021A-D","pps_document_html":" \t\n\n\nTASK A350 A 00 65 XX 10000 021A D\n\n\n\nLegal Notice   Legal notice\n\n\n\n\nON A C 00050058006000640066007000720107010901300132013801400151015301550157016001620165016701680170017201870189019301950205020802100219022198009801\n\n\n\n\n\n\n\n\t\nReferences\n\n\nTable 1  References\n\n\n\tData module Technical publication\tTitle\n\tNone\n\n\n\n\n\n\n\n\n\n\n\n\n\n\t1\t\nCopyright  C  AIRBUS SAS 2005 All rights reserved\n\n\n\n\n\t \t\n\t\n\n2005\n\n\n\n\n\n\n\n\t \t\n\t\n\nAIRBUS SAS\n\n\n\n\n\n\n\n\t \t\n\t\n\nCustomer Services\n\n\n\n\n\n\n\n\t \t\n\t\n\nTechnical Data Support and Services\n\n\n\n\n\n\n\n\t \t\n\t\n\n31707 Blagnac Cedex\n\n\n\n\n\n\n\n\t \t\n\t\n\nFRANCE\n\n\n\n\n\n\n\n\t \t\n\t\n\nThe content of this document is the property of Airbus\n\n\n\n\n\n\n\n\t \t\n\t\n\nIt is supplied in confidence and commercial security on its contents must be maintained\n\n\n\n\n\n\n\n\t \t\n\t\n\nIt must not be used for any purpose other than that for which it is supplied nor may information contained in it be disclosed to unauthorized persons\n\n\n\n\n\n\n\n\t \t\n\t\n\nIt must not be reproduced in whole or in part without permission in writing from the owners of the copyright Requests for reproduction of any data in this document and the media authorized for it must be addressed to Airbus\n\n\n\n\n\n\n\n\t \t\n\n\n\n\n\n\n\n\n\t ","pps_publication_type":"html_content","pps_product_ids":"|223|224|225|226|227|228|229|230|231|232|233|234|235|236|237|238|","pps_document_code1":"A350","pps_document_code2":"A","pps_document_code3":"00","pps_document_code4":"65","pps_document_code5":"XX","pps_document_code6":"10","pps_document_code7":"000","pps_document_code8":"021","pps_document_code9":"A","pps_document_code10":"D","pps_document_data_fin_type":[]}