{"id":"21291786-0f4d-4d05-9270-4075fed51ca5#0a33bce8-d684-43da-b358-1404919dd6e1#A350-A-21-21-XX-5J001-421A-A#24af78caf1d5ded9764059c1440e488a","pps_library_id":"0a33bce8-d684-43da-b358-1404919dd6e1","pps_publication_id":"21291786-0f4d-4d05-9270-4075fed51ca5","pps_publication_title":"TSM","pps_publication_desc":"","pps_revision_num":"[1] ","pps_document_pointer":"A350-A-21-21-XX-5J001-421A-A","pps_document_title":"5J001-421A-A Fault of the Recirculation Fans","pps_document_code":"A350-A-21-21-XX-5J001-421A-A","pps_document_html":" \t\n\nTASK A350 A 21 21 XX 5J001 421A A\n\n\n\nCabin Fresh Recirculated Air Distribution Control and Monitoring   Fault of the Recirculation Fans\n\n\n\n\nON A C ALL\n\n\n\n\n\n\n\nReferences\t\n\nTable 1  References\n\n\n\tData Module Technical Publication\tTitle\n\t\n\nON A C ALL\n\n\n\n\tA350 A 21 21 XX 5JZZZ 429Z A\n\n\n\n\n\tAFI   FAULT CONFIRMATION\n\t\n\nON A C ALL\n\n\n\n\tA350 A 21 21 XX 01ZZZ 343Z A\n\n\n\n\n\tMP   BITE Test of the Ventilation Control System  VCS   System Test \n\n\n\n\n\n\n\n\n\n\n\t \t\n\n\n\n\n\t\n1\n\n\t\nJob Set Up Information\n\n\n\n\n\nA \n\nRequired Conditions\n\n\n\n\nTable 2  Required Conditions\n\n\n\tTitle Condition\tData Module Technical Publication\n\tNone\n\n\n\n\n\n\n\n\n\nB \n\nSupport Equipment\n\n\n\n\nTable 3  Support Equipment\n\n\n\tName\tIdentification Reference\tQuantity\tRemarks\n\tNone\n\n\n\n\n\n\n\nC \n\nConsumables Materials and Expendables\n\n\n\n\nTable 4  Consumables Materials and Expendables\n\n\n\tName\tIdentification Reference\tQuantity\tRemarks\n\tNone\n\n\n\n\n\n\n\nD \n\nSpares\n\n\n\n\nTable 5  Spares\n\n\n\tName\tIdentification Reference\tQuantity\tRemarks\n\tNone\n\n\n\n\n\n\n\nE \n\nSafety Conditions\n\n\n\n\nTable 6  Safety Conditions\n\n\n\n\tName\tSafety Requirement\n\tNone\n\n\n\n\n\n\n\n\t2\t\nFault Isolation\n\n\n\n\nON A C ALL\n\n\n\tA\t\n\n\nGo to the Fault Confirmation Ref AFI A350 A 21 21 XX 5JZZZ 429Z A\n\n\n\nDoes one or more of the fault codes 2121H010 2121W020 2121H021 2121W040 2121H041 show on the PFR\n\nYes Go to B No Go to D \n\n\n\n\n\n\n\n\n\n\nON A C ALL\n\n\n\tB\t\n\n\nDo the BITE test of the VCS  System test  Ref MP A350 A 21 21 XX 01ZZZ 343Z A\n\n\n\n\n\nDo a check for fault codes 2121F01C 2121F01Y 2121F02J and 2121F034\n\n\n\nDoes one or more of these fault codes come into view\n\nYes Go to C No Go to D \n\n\n\n\n\n\n\n\n\n\nON A C ALL\n\n\n\tC\t\n\n\nDo the related Fault Isolation procedure\n\n\n\n\n\tChoice  \n                            Go to Step \n                            D\n\n\n\n\n\n\n\n\n\n\n\nON A C ALL\n\n\n\tD\t\n\n\nGo to the Close up\n\n\n\n\n\tChoice  \n                            Go to Step \n                            3\n\n\n\n\n\n\n\n\n\n\n\n\n\n\n\n\n\n3\n\nRequired Conditions\n\n\n\n\nTable 7  Required Conditions\n\n\n\tTitle Condition\tData Module Technical Publication\n\t\n\nON A C ALL\n\n\nPut the aircraft back to its initial configuration\tNot applicable \n\n\n\n\n\n\n\n\n\n\n\n\n\n\n\n\n\t ","pps_publication_type":"html_content","pps_product_ids":"|223|224|225|226|227|228|229|230|231|232|233|234|235|236|237|238|","pps_document_code1":"A350","pps_document_code2":"A","pps_document_code3":"21","pps_document_code4":"21","pps_document_code5":"XX","pps_document_code6":"5J","pps_document_code7":"001","pps_document_code8":"421","pps_document_code9":"A","pps_document_code10":"A","pps_document_data_fin_type":[]}