{"id":"21291786-0f4d-4d05-9270-4075fed51ca5#0a33bce8-d684-43da-b358-1404919dd6e1#A350-A-21-21-XX-4BZZZ-421Z-A#05844b96582f4a2ecb8edaff893d64d3","pps_library_id":"0a33bce8-d684-43da-b358-1404919dd6e1","pps_publication_id":"21291786-0f4d-4d05-9270-4075fed51ca5","pps_publication_title":"TSM","pps_publication_desc":"","pps_revision_num":"[1] ","pps_document_pointer":"A350-A-21-21-XX-4BZZZ-421Z-A","pps_document_title":"4BZZZ-421Z-A Power Supply Interrupt of Recirculation Fan 1 on the Left Side","pps_document_code":"A350-A-21-21-XX-4BZZZ-421Z-A","pps_document_html":" \t\n\n\t\n\nReferences\t\n\nTable 1  References\n\n\n\tData Module Technical Publication\tTitle\n\t\n\nON A C ALL\n\n\n\n\tA350 A 21 21 XX 4B001 421A A\n\n\n\n\n\tAFI   Power Supply Interrupt of Recirculation Fan 1 on the Left Side\n\n\n\n\n\n\n\n\n\n\n\n\n\n\n\n\n\t ","pps_publication_type":"html_content","pps_product_ids":"|223|224|225|226|227|228|229|230|231|232|233|234|235|236|237|238|","pps_document_code1":"A350","pps_document_code2":"A","pps_document_code3":"21","pps_document_code4":"21","pps_document_code5":"XX","pps_document_code6":"4B","pps_document_code7":"ZZZ","pps_document_code8":"421","pps_document_code9":"Z","pps_document_code10":"A","pps_document_data_fin_type":[]}