{"id":"21291786-0f4d-4d05-9270-4075fed51ca5#0a33bce8-d684-43da-b358-1404919dd6e1#A350-A-21-21-XX-3Q001-421A-A#3fe1bbf90a635d04a1098c25a3a5e83c","pps_library_id":"0a33bce8-d684-43da-b358-1404919dd6e1","pps_publication_id":"21291786-0f4d-4d05-9270-4075fed51ca5","pps_publication_title":"TSM","pps_publication_desc":"","pps_revision_num":"[1] ","pps_document_pointer":"A350-A-21-21-XX-3Q001-421A-A","pps_document_title":"3Q001-421A-A Fault of the AVNCS Horn Related to CRDC-A01 and CRDC-A09","pps_document_code":"A350-A-21-21-XX-3Q001-421A-A","pps_document_html":" \t\n\nTASK A350 A 21 21 XX 3Q001 421A A\n\n\n\nCabin Fresh Recirculated Air Distribution Control and Monitoring   Fault of the AVNCS Horn Related to CRDC A01 and CRDC A09\n\n\n\n\nON A C ALL\n\n\n\n\n\n\n\nReferences\t\n\nTable 1  References\n\n\n\tData Module Technical Publication\tTitle\n\t\n\nON A C ALL\n\n\n\n\t204650\n\n\n\tESP 204650\n\t\n\nON A C ALL\n\n\n\n\tA350 A 21 21 XX 3QZZZ 429Z A\n\n\n\n\n\tAFI   FAULT CONFIRMATION\n\t\n\nON A C ALL\n\n\n\n\tA350 A 45 45 XX 00ZZZ 345Z A\n\n\n\n\n\tMP   Generic Procedure to Start a BITE Scanning  for a Given Avionics System\n\t\n\nON A C ALL\n\n\n\n\tA350 A 21 26 XX 04ZZZ 051Z A\n\n\n\n\n\tAWD   AVIONICS EQUIPMENT VENTILATION\n\n\n\n\n\n\n\n\n\n\n\t \t\n\n\n\n\n\t\n1\n\n\t\nJob Set Up Information\n\n\n\n\n\nA \n\nRequired Conditions\n\n\n\n\nTable 2  Required Conditions\n\n\n\tTitle Condition\tData Module Technical Publication\n\tNone\n\n\n\n\n\n\n\n\n\nB \n\nSupport Equipment\n\n\n\n\nTable 3  Support Equipment\n\n\n\tName\tIdentification Reference\tQuantity\tRemarks\n\tNone\n\n\n\n\n\n\n\nC \n\nConsumables Materials and Expendables\n\n\n\n\nTable 4  Consumables Materials and Expendables\n\n\n\tName\tIdentification Reference\tQuantity\tRemarks\n\tNone\n\n\n\n\n\n\n\nD \n\nSpares\n\n\n\n\nTable 5  Spares\n\n\n\tName\tIdentification Reference\tQuantity\tRemarks\n\tNone\n\n\n\n\n\n\n\nE \n\nSafety Conditions\n\n\n\n\nTable 6  Safety Conditions\n\n\n\n\tName\tSafety Requirement\n\tNone\n\n\n\n\n\n\n\n\t2\t\nFault Isolation\n\n\n\n\nON A C ALL\n\n\n\tA\t\n\n\n Go to the Fault Confirmation Ref AFI A350 A 21 21 XX 3QZZZ 429Z A\n\n\n\n\n\nDo the BITE scanning of the VCS Ref MP A350 A 45 45 XX 00ZZZ 345Z A\n\n\n\n\n\nDo a check for fault code 2121F0DJ\n\n\n\nDoes the fault code come into view\n\nYes Go to B No Go to E \n\n\n\n\n\n\n\n\n\n\nON A C ALL\n\n\n\tB\t\n\n\n Replace RELAY  9WC ESP 204650\n\n\n\n\n\nDo the BITE scanning of the VCS Ref MP A350 A 45 45 XX 00ZZZ 345Z A\n\n\n\n\n\nDo a check for fault code 2121F0DJ\n\n\n\nDoes the fault code come into view\n\nYes Go to C No Go to E \n\n\n\n\n\n\n\n\n\n\nON A C ALL\n\n\n\tC\t\n\n\n Replace RELAY  3HQ ESP 204650\n\n\n\n\n\nDo the BITE scanning of the VCS Ref MP A350 A 45 45 XX 00ZZZ 345Z A\n\n\n\n\n\nDo a check for fault code 2121F0DJ\n\n\n\nDoes the fault code come into view\n\nYes Go to D No Go to E \n\n\n\n\n\n\n\n\n\n\nON A C ALL\n\n\n\tD\t\n\n\n Disconnect electrical connector GA0 from CRDC A09  1TS09 \n\n\n\n\n\n Disconnect electrical connector EA0 from CRDC A01  1TS01 \n\n\n\n\n\n Disconnect electrical connector A from the FLT GND CTLD relay  9WC \n\n\n\n\n\n Disconnect electrical connector A from the ground warning supply relay  3HQ \n\n\n\n\n\n Do a check and repair the wiring of the A0109DISHORN signal Ref AWD A350 A 21 26 XX 04ZZZ 051Z A\n\n\n\n\n\n\n\n\n\n\n\n\n\n Connect electrical connector A to the ground warning supply relay  3HQ \n\n\n\n\n\n Connect electrical connector A to the FLT GND CTLD relay  9WC \n\n\n\n\n\n Connect electrical connector GA0 to CRDC A09  1TS09 \n\n\n\n\n\n Connect electrical connector EA0 to CRDC A01  1TS01 \n\n\n\n\n\nAfter the subsequent flight make sure that the fault does not continue\n\n\n\n\n\tChoice  \n                            Go to Step \n                            E\n\n\n\n\n\n\n\n\n\n\n\nON A C ALL\n\n\n\tE\t\n\n\n Go to the Close up\n\n\n\n\n\tChoice  \n                            Go to Step \n                            3\n\n\n\n\n\n\n\n\n\n\n\n\n\n\n\n\n\n3\n\nRequired Conditions\n\n\n\n\nTable 7  Required Conditions\n\n\n\tTitle Condition\tData Module Technical Publication\n\t\n\nON A C ALL\n\n\nPut the aircraft back to its initial configuration\tNot applicable \n\n\n\n\n\n\n\n\n\n\n\n\n\n\n\n\n\t ","pps_publication_type":"html_content","pps_product_ids":"|223|224|225|226|227|228|229|230|231|232|233|234|235|236|237|238|","pps_document_code1":"A350","pps_document_code2":"A","pps_document_code3":"21","pps_document_code4":"21","pps_document_code5":"XX","pps_document_code6":"3Q","pps_document_code7":"001","pps_document_code8":"421","pps_document_code9":"A","pps_document_code10":"A","pps_document_data_fin_type":[]}