{"id":"21291786-0f4d-4d05-9270-4075fed51ca5#0a33bce8-d684-43da-b358-1404919dd6e1#A350-A-21-21-XX-1K001-421A-A#d9e46df1aeb64ef75bc35c079edb01f0","pps_library_id":"0a33bce8-d684-43da-b358-1404919dd6e1","pps_publication_id":"21291786-0f4d-4d05-9270-4075fed51ca5","pps_publication_title":"TSM","pps_publication_desc":"","pps_revision_num":"[1] ","pps_document_pointer":"A350-A-21-21-XX-1K001-421A-A","pps_document_title":"1K001-421A-A Loss of CAN Bus R4 Communication from CPIOM-H41 and CPIOM-H42","pps_document_code":"A350-A-21-21-XX-1K001-421A-A","pps_document_html":" \t\n\nTASK A350 A 21 21 XX 1K001 421A A\n\n\n\nCabin Fresh Recirculated Air Distribution Control and Monitoring   Loss of CAN Bus R4 Communication from CPIOM H41 and CPIOM H42\n\n\n\n\nON A C ALL\n\n\n\n\n\n\n\nReferences\t\n\nTable 1  References\n\n\n\tData Module Technical Publication\tTitle\n\t\n\nON A C ALL\n\n\n\n\tA350 A 21 21 XX 1FZZZ 429Z A\n\n\n\n\n\tAFI   FAULT CONFIRMATION\n\t\n\nON A C ALL\n\n\n\n\tA350 A 24 71 XX 00ZZZ 170Z A\n\n\n\n\n\tMP   Get Access to  C B Management \n\t\n\nON A C ALL\n\n\n\n\tA350 A 42 11 XX 01ZZZ 343Z A\n\n\n\n\n\tMP   BITE Test of the Core Processing Input Output Module  CPIOM   CPIOM Interface Test \n\t\n\nON A C ALL\n\n\n\n\tA350 A 42 11 34 02ZZZ 520Z A\n\n\n\n\n\tMP   Removal of the Core Processing Input Output Module H4  CPIOM H4 \n\t\n\nON A C ALL\n\n\n\n\tA350 A 42 11 34 02ZZZ 720Z A\n\n\n\n\n\tMP   Installation of the Core Processing Input Output Module H4  CPIOM H4 \n\t\n\nON A C ALL\n\n\n\n\tA350 A 45 45 XX 03ZZZ 421Z A\n\n\n\n\n\tAFI   Fault of the CAN Bus Links\n\t\n\nON A C ALL\n\n\n\n\tA350 A 21 21 XX 06ZZZ 051Z A\n\n\n\n\n\tAWD   CPIOM FANS CAN BUS RIGHT4\n\n\n\n\n\n\n\n\n\n\n\t \t\n\n\n\n\n\t\n1\n\n\t\nJob Set Up Information\n\n\n\n\n\nA \n\nRequired Conditions\n\n\n\n\nTable 2  Required Conditions\n\n\n\tTitle Condition\tData Module Technical Publication\n\tNone\n\n\n\n\n\n\n\n\n\nB \n\nSupport Equipment\n\n\n\n\nTable 3  Support Equipment\n\n\n\tName\tIdentification Reference\tQuantity\tRemarks\n\tNone\n\n\n\n\n\n\n\nC \n\nConsumables Materials and Expendables\n\n\n\n\nTable 4  Consumables Materials and Expendables\n\n\n\tName\tIdentification Reference\tQuantity\tRemarks\n\tNone\n\n\n\n\n\n\n\nD \n\nSpares\n\n\n\n\nTable 5  Spares\n\n\n\tName\tIdentification Reference\tQuantity\tRemarks\n\tNone\n\n\n\n\n\n\n\nE \n\nSafety Conditions\n\n\n\n\nTable 6  Safety Conditions\n\n\n\n\tName\tSafety Requirement\n\tNone\n\n\n\n\n\n\n\n\t2\t\nFault Isolation\n\n\n\n\nON A C ALL\n\n\n\tA\t\n\n\nGo to the Fault Confirmation Ref AFI A350 A 21 21 XX 1FZZZ 429Z A\n\n\n\nIs there confirmation of the fault\n\nYes Go to B No Go to G \n\n\n\n\n\n\n\n\n\n\nON A C ALL\n\n\n\tB\t\n\n\nOn the “MAINTENANCE HOME PAGE” select “C B Management” Ref MP A350 A 24 71 XX 00ZZZ 170Z A \n\n\n\n\n\nDo a reset of CPIOM H41\n\n\n\n\n\n\n3209 TF\n\n\n\n\n\n\nWait for five seconds\n\n\n\n\n\n\n3209 TF\n\n\n\n\n\nDo a reset of CPIOM H42\n\n\n\n\n\n\n3108 TF\n\n\n\n\n\n\nWait for five seconds\n\n\n\n\n\n\n3108 TF\n\n\n\n\n\nGo to the Fault Confirmation Ref AFI A350 A 21 21 XX 1FZZZ 429Z A\n\n\n\nDoes the fault continue\n\nYes Go to C No Go to G \n\n\n\n\n\n\n\n\n\n\nON A C ALL\n\n\n\tC\t\n\n\nDo the BITE tests of CPIOM H41 and CPIOM H42  CPIOM test  Ref MP A350 A 42 11 XX 01ZZZ 343Z A\n\n\n\n\n\nIf the test gives a fault message do the related Fault Isolation procedure \n\n\n\n\n\nGo to the Fault Confirmation Ref AFI A350 A 21 21 XX 1FZZZ 429Z A\n\n\n\nDoes the fault continue\n\nYes Go to D No Go to G \n\n\n\n\n\n\n\n\n\n\nON A C ALL\n\n\n\tD\t\n\n\nDo the fault isolation procedure Ref AFI A350 A 45 45 XX 03ZZZ 421Z A related to the H4142CANVCSR4 signal Ref AWD A350 A 21 21 XX 06ZZZ 051Z A\n\n\n\n\n\nGo to the Fault Confirmation Ref AFI A350 A 21 21 XX 1FZZZ 429Z A\n\n\n\nDoes the fault continue\n\nYes Go to E No Go to G \n\n\n\n\n\n\n\n\n\n\nON A C ALL\n\n\n\tE\t\n\n\nIf you did not replace CPIOM H41  8TF41  replace it Ref MP A350 A 42 11 34 02ZZZ 520Z A and Ref MP A350 A 42 11 34 02ZZZ 720Z A\n\n\n\n\n\nGo to the Fault Confirmation Ref AFI A350 A 21 21 XX 1FZZZ 429Z A\n\n\n\nDoes the fault continue\n\nYes Go to F No Go to G \n\n\n\n\n\n\n\n\n\n\nON A C ALL\n\n\n\tF\t\n\n\nIf you did not replace CPIOM H42  8TF42  replace it Ref MP A350 A 42 11 34 02ZZZ 520Z A and Ref MP A350 A 42 11 34 02ZZZ 720Z A\n\n\n\n\n\nGo to the Fault Confirmation Ref AFI A350 A 21 21 XX 1FZZZ 429Z A\n\n\n\n\n\tChoice  \n                            Go to Step \n                            G\n\n\n\n\n\n\n\n\n\n\n\nON A C ALL\n\n\n\tG\t\n\n\nGo to the Close up\n\n\n\n\n\tChoice  \n                            Go to Step \n                            3\n\n\n\n\n\n\n\n\n\n\n\n\n\n\n\n\n\n3\n\nRequired Conditions\n\n\n\n\nTable 7  Required Conditions\n\n\n\tTitle Condition\tData Module Technical Publication\n\t\n\nON A C ALL\n\n\nPut the aircraft back to its initial configuration\tNot applicable \n\n\n\n\n\n\n\n\n\n\n\n\n\n\n\n\n\t ","pps_publication_type":"html_content","pps_product_ids":"|223|224|225|226|227|228|229|230|231|232|233|234|235|236|237|238|","pps_document_code1":"A350","pps_document_code2":"A","pps_document_code3":"21","pps_document_code4":"21","pps_document_code5":"XX","pps_document_code6":"1K","pps_document_code7":"001","pps_document_code8":"421","pps_document_code9":"A","pps_document_code10":"A","pps_document_data_fin_type":["cbt02#3209-TF","cbt02#3108-TF"]}