{"id":"21291786-0f4d-4d05-9270-4075fed51ca5#0a33bce8-d684-43da-b358-1404919dd6e1#A350-A-21-21-XX-5E001-421A-A#d332f7ec9fd824908dc054da0030505a","pps_library_id":"0a33bce8-d684-43da-b358-1404919dd6e1","pps_publication_id":"21291786-0f4d-4d05-9270-4075fed51ca5","pps_publication_title":"TSM","pps_publication_desc":"","pps_revision_num":"[1] ","pps_document_pointer":"A350-A-21-21-XX-5E001-421A-A","pps_document_title":"5E001-421A-A Loss of the Rotation Discrete Signal between the CRDCs and CEV Extraction Fan 1 or CEV Extraction Fan 2","pps_document_code":"A350-A-21-21-XX-5E001-421A-A","pps_document_html":" \t\n\nTASK A350 A 21 21 XX 5E001 421A A\n\n\n\nCabin Fresh Recirculated Air Distribution Control and Monitoring   Loss of the Rotation Discrete Signal between the CRDCs and CEV Extraction Fan 1 or CEV Extraction Fan 2\n\n\n\n\nON A C ALL\n\n\n\n\n\n\n\nReferences\t\n\nTable 1  References\n\n\n\tData Module Technical Publication\tTitle\n\t\n\nON A C ALL\n\n\n\n\tA350 A 21 21 XX 5AZZZ 429Z A\n\n\n\n\n\tAFI   FAULT CONFIRMATION\n\t\n\nON A C ALL\n\n\n\n\tA350 A 21 29 42 00ZZZ 520Z A\n\n\n\n\n\tMP   Removal of the Commercial Equipment Ventilation Extraction Fan\n\t\n\nON A C ALL\n\n\n\n\tA350 A 21 29 42 00ZZZ 720Z A\n\n\n\n\n\tMP   Installation of the Commercial Equipment Ventilation Extraction Fan\n\t\n\nON A C ALL\n\n\n\n\tA350 A 42 41 XX 00ZZZ 343Z A\n\n\n\n\n\tMP   BITE Test of the Common Remote Data Concentrator  CRDC   CRDC Test \n\t\n\nON A C ALL\n\n\n\n\tA350 A 42 41 34 02ZZZ 520Z A\n\n\n\n\n\tMP   Removal of the Common Remote Data Concentrator  CRDC    A10 and  A12 \n\t\n\nON A C ALL\n\n\n\n\tA350 A 42 41 34 04ZZZ 520Z A\n\n\n\n\n\tMP   Removal of the Common Remote Data Concentrator  CRDC    A15 and  A17 \n\t\n\nON A C ALL\n\n\n\n\tA350 A 42 41 34 02ZZZ 720Z A\n\n\n\n\n\tMP   Installation of the Common Remote Data Concentrator  CRDC    A10 and  A12 \n\t\n\nON A C ALL\n\n\n\n\tA350 A 42 41 34 04ZZZ 720Z A\n\n\n\n\n\tMP   Installation of the Common Remote Data Concentrator  CRDC    A15 and  A17 \n\t\n\nON A C ALL and  FOR FIN 121 HY or FAN EXTRACT COML EQUIPMENT VENT 1 \n\n\n\n\tA350 A 21 29 XX 01ZZZ 051Z A\n\n\n\n\n\tAWD   SUPPLY  COMMAND IFEC FAN 1\n\t\n\nON A C ALL and  FOR FIN 122 HY or FAN EXTRACT COML EQUIPMENT VENT 2 \n\n\n\n\tA350 A 21 29 XX 02ZZZ 051Z A\n\n\n\n\n\tAWD   SUPPLY  COMMAND IFEC FAN 2\n\n\n\n\n\n\n\n\n\n\n\t \t\n\n\n\n\n\t\n1\n\n\t\nJob Set Up Information\n\n\n\n\n\nA \n\nRequired Conditions\n\n\n\n\nTable 2  Required Conditions\n\n\n\tTitle Condition\tData Module Technical Publication\n\tNone\n\n\n\n\n\n\n\n\n\nB \n\nSupport Equipment\n\n\n\n\nTable 3  Support Equipment\n\n\n\tName\tIdentification Reference\tQuantity\tRemarks\n\tNone\n\n\n\n\n\n\n\nC \n\nConsumables Materials and Expendables\n\n\n\n\nTable 4  Consumables Materials and Expendables\n\n\n\tName\tIdentification Reference\tQuantity\tRemarks\n\tNone\n\n\n\n\n\n\n\nD \n\nSpares\n\n\n\n\nTable 5  Spares\n\n\n\tName\tIdentification Reference\tQuantity\tRemarks\n\tNone\n\n\n\n\n\n\n\nE \n\nSafety Conditions\n\n\n\n\nTable 6  Safety Conditions\n\n\n\n\tName\tSafety Requirement\n\tNone\n\n\n\n\n\n\n\n\t2\t\nFault Isolation\n\n\n\n\nON A C ALL\n\n\n\tA\t\n\n\nGo to the Fault Confirmation Ref AFI A350 A 21 21 XX 5AZZZ 429Z A\n\n\n\nIs there confirmation of the fault\n\nYes Go to B No Go to N \n\n\n\n\n\n\n\n\n\n\nON A C ALL and  FOR FIN 121 HY or FAN EXTRACT COML EQUIPMENT VENT 1 \n\n\n\tB\t\n\n\nDisconnect electrical connector GB0 from CRDC A15  1TS15 \n\n\n\n\n\nDisconnect electrical connector GB0 from CRDC A17  1TS17 \n\n\n\n\n\nDisconnect electrical connector B from CEV extraction fan 1  121HY \n\n\n\n\n\nDo a continuity check of the A1517DISCEVFAN1ROT and CEVFAN1DISSIGNALGND signals Ref AWD A350 A 21 29 XX 01ZZZ 051Z A\n\n\n\n\n\n\n\n\n\n\n\nIs there continuity\n\nYes Go to D No Go to E \n\n\n\n\n\n\nON A C ALL and  FOR FIN 122 HY or FAN EXTRACT COML EQUIPMENT VENT 2 \n\n\n\tC\t\n\n\nDisconnect electrical connector GB0 from CRDC A10  1TS10 \n\n\n\n\n\nDisconnect electrical connector GB0 from CRDC A12  1TS12 \n\n\n\n\n\nDisconnect electrical connector B from CEV extraction fan 2  122HY \n\n\n\n\n\nDo a continuity check of the A1012DISCEVFAN2ROT and CEVFAN2DISSIGNALGND signals Ref AWD A350 A 21 29 XX 02ZZZ 051Z A\n\n\n\n\n\n\n\n\n\n\n\nIs there continuity\n\nYes Go to I No Go to J \n\n\n\n\n\n\n\n\n\n\nON A C ALL\n\n\n\tD\t\n\n\nConnect electrical connector GB0 to CRDC A15  1TS15 \n\n\n\n\n\nConnect electrical connector GB0 to CRDC A17  1TS17 \n\n\n\n\n\nReplace FAN EXTRACT COML EQUIPMENT VENT 1  121HY Ref MP A350 A 21 29 42 00ZZZ 520Z A and Ref MP A350 A 21 29 42 00ZZZ 720Z A\n\n\n\n\n\nGo to the Fault Confirmation Ref AFI A350 A 21 21 XX 5AZZZ 429Z A\n\n\n\n\n\tChoice  \n                            Go to Step \n                            N\n\n\n\n\n\n\n\n\n\n\n\nON A C ALL\n\n\n\tE\t\n\n\nRepair the wiring of the A1517DISCEVFAN1ROT and CEVFAN1DISSIGNALGND signals Ref AWD A350 A 21 29 XX 01ZZZ 051Z A\n\n\n\n\n\n\n\n\n\n\n\n\n\nConnect electrical connector GB0 to CRDC A15  1TS15 \n\n\n\n\n\nConnect electrical connector GB0 to CRDC A17  1TS17 \n\n\n\n\n\nConnect electrical connector B to CEV extraction fan 1  121HY \n\n\n\n\n\nGo to the Fault Confirmation Ref AFI A350 A 21 21 XX 5AZZZ 429Z A\n\n\n\nDoes the fault continue\n\nYes Go to F No Go to N \n\n\n\n\n\n\n\n\n\n\nON A C ALL\n\n\n\tF\t\n\n\nDo the BITE tests of CRDC A15 and CRDC A17  CRDC test  Ref MP A350 A 42 41 XX 00ZZZ 343Z A\n\n\n\n\n\nIf the test gives a fault message do the related Fault Isolation procedure \n\n\n\n\n\nGo to the Fault Confirmation Ref AFI A350 A 21 21 XX 5AZZZ 429Z A\n\n\n\nDoes the fault continue\n\nYes Go to G No Go to N \n\n\n\n\n\n\n\n\n\n\nON A C ALL\n\n\n\tG\t\n\n\nIf you did not replace CRDC A15  1TS15  replace it Ref MP A350 A 42 41 34 04ZZZ 520Z A and Ref MP A350 A 42 41 34 04ZZZ 720Z A\n\n\n\n\n\nGo to the Fault Confirmation Ref AFI A350 A 21 21 XX 5AZZZ 429Z A\n\n\n\nDoes the fault continue\n\nYes Go to H No Go to N \n\n\n\n\n\n\n\n\n\n\nON A C ALL\n\n\n\tH\t\n\n\nIf you did not replace CRDC A17  1TS17  replace it Ref MP A350 A 42 41 34 04ZZZ 520Z A and Ref MP A350 A 42 41 34 04ZZZ 720Z A\n\n\n\n\n\nGo to the Fault Confirmation Ref AFI A350 A 21 21 XX 5AZZZ 429Z A\n\n\n\n\n\tChoice  \n                            Go to Step \n                            N\n\n\n\n\n\n\n\n\n\n\n\nON A C ALL\n\n\n\tI\t\n\n\nConnect electrical connector GB0 to CRDC A10  1TS10 \n\n\n\n\n\nConnect electrical connector GB0 to CRDC A12  1TS12 \n\n\n\n\n\nReplace FAN EXTRACT COML EQUIPMENT VENT 2  122HY Ref MP A350 A 21 29 42 00ZZZ 520Z A and Ref MP A350 A 21 29 42 00ZZZ 720Z A\n\n\n\n\n\nGo to the Fault Confirmation Ref AFI A350 A 21 21 XX 5AZZZ 429Z A\n\n\n\n\n\tChoice  \n                            Go to Step \n                            N\n\n\n\n\n\n\n\n\n\n\n\nON A C ALL\n\n\n\tJ\t\n\n\nRepair the wiring of the A1012DISCEVFAN2ROT and CEVFAN2DISSIGNALGND signals Ref AWD A350 A 21 29 XX 02ZZZ 051Z A\n\n\n\n\n\n\n\n\n\n\n\n\n\nConnect electrical connector B to CEV extraction fan 2  122HY \n\n\n\n\n\nConnect electrical connector GB0 to CRDC A10  1TS10 \n\n\n\n\n\nConnect electrical connector GB0 to CRDC A12  1TS12 \n\n\n\n\n\nGo to the Fault Confirmation Ref AFI A350 A 21 21 XX 5AZZZ 429Z A\n\n\n\nDoes the fault continue\n\nYes Go to K No Go to N \n\n\n\n\n\n\n\n\n\n\nON A C ALL\n\n\n\tK\t\n\n\nDo the BITE tests of CRDC A10 and CRDC A12  CRDC test  Ref MP A350 A 42 41 XX 00ZZZ 343Z A\n\n\n\n\n\nIf the test gives a fault message do the related Fault Isolation procedure \n\n\n\n\n\nGo to the Fault Confirmation Ref AFI A350 A 21 21 XX 5AZZZ 429Z A\n\n\n\nDoes the fault continue\n\nYes Go to L No Go to N \n\n\n\n\n\n\n\n\n\n\nON A C ALL\n\n\n\tL\t\n\n\nIf you did not replace CRDC A10  1TS10  replace it Ref MP A350 A 42 41 34 02ZZZ 520Z A and Ref MP A350 A 42 41 34 02ZZZ 720Z A\n\n\n\n\n\nGo to the Fault Confirmation Ref AFI A350 A 21 21 XX 5AZZZ 429Z A\n\n\n\nDoes the fault continue\n\nYes Go to M No Go to N \n\n\n\n\n\n\n\n\n\n\nON A C ALL\n\n\n\tM\t\n\n\nIf you did not replace CRDC A12  1TS12  replace it Ref MP A350 A 42 41 34 02ZZZ 520Z A and Ref MP A350 A 42 41 34 02ZZZ 720Z A\n\n\n\n\n\nGo to the Fault Confirmation Ref AFI A350 A 21 21 XX 5AZZZ 429Z A\n\n\n\n\n\tChoice  \n                            Go to Step \n                            N\n\n\n\n\n\n\n\n\n\n\n\nON A C ALL\n\n\n\tN\t\n\n\nGo to the Close up\n\n\n\n\n\tChoice  \n                            Go to Step \n                            3\n\n\n\n\n\n\n\n\n\n\n\n\n\n\n\n\n\n3\n\nRequired Conditions\n\n\n\n\nTable 7  Required Conditions\n\n\n\tTitle Condition\tData Module Technical Publication\n\t\n\nON A C ALL\n\n\nPut the aircraft back to its initial configuration\tNot applicable \n\n\n\n\n\n\n\n\n\n\n\n\n\n\n\n\n\t ","pps_publication_type":"html_content","pps_product_ids":"|223|224|225|226|227|228|229|230|231|232|233|234|235|236|237|238|","pps_document_code1":"A350","pps_document_code2":"A","pps_document_code3":"21","pps_document_code4":"21","pps_document_code5":"XX","pps_document_code6":"5E","pps_document_code7":"001","pps_document_code8":"421","pps_document_code9":"A","pps_document_code10":"A","pps_document_data_fin_type":[]}