{"id":"96d361f0-bbb7-48cd-bea4-949e881ee3fd#b7f22896-500f-4c4f-87a1-56d0d51fa426#A00A30D14C09EAA1C541F935DDEC6987#14bf4f3bb520a8d0dcdc2fefe4217ad2","pps_library_id":"b7f22896-500f-4c4f-87a1-56d0d51fa426","pps_publication_id":"96d361f0-bbb7-48cd-bea4-949e881ee3fd","pps_publication_title":"Offline_frmfim_1129","pps_publication_desc":"","pps_revision_num":"[1] ","pps_document_pointer":"A00A30D14C09EAA1C541F935DDEC6987","pps_document_title":"Task 32-42-00-810-806 Autobrake Pressure Transducer Problems - Fault Isolation ","pps_document_code":"32-42-00-810-806","pps_document_html":"Task 32 42 00 810 806\n \n      Autobrake Pressure Transducer Problems   Fault Isolation\n       \n            20041205 \n       \n \n      \n      \t\n          \n           Effective on\n          \tAAL ALL\t\n\n \n     \n \n    \n\n    \tA\tMaintenance Messages\n\t\t\n         \n         \t \n              \n              \n\t  1  \tThis task is for maintenance message 32 30400\n\n \n             \n \n\n \n        \n \n\n\n     \n     \tB\tInitial Evaluation\n\t\t\n\n          \n          \t\n              \n               Effective on\n              \tAAL ALL\t\n\n \n         \n\n          \n           SUBTASK 32 42 00 740 007\n            \n                 20041205 \n            \n \n           \n           \t \n                \n                \n\t  1  \tIf the MAT shows ACTIVE for the maintenance message then do the Fault Isolation Procedure below\n\n \n               \n \n\n \n          \n \n         \n\n\n          \n          \t\n              \n               Effective on\n              \tAAL ALL\t\n\n \n         \n\n          \n           SUBTASK 32 42 00 740 008\n            \n                 20041205 \n            \n \n           \n           \t \n                \n                \n\t  2  \tIf the MAT shows NOT ACTIVE for the maintenance message then there was an intermittent fault\n\n \n               \n \n\n \n          \n \n         \n \n\n \n    \n\n    \n\n     \n     \tC\tFault Isolation Procedure\n\t\t\n\n          \n          \t\n              \n               Effective on\n              \tAAL ALL\t\n\n \n         \n\n          \n           SUBTASK 32 42 00 810 008\n            \n                 20041205 \n            \n \n           \n           \t \n                \n                \n\t  1  \tDo this check of the wiring\n                     \n                     \t \n                          \n                          \n\t  a  \tRemove the brake system control unit  BSCU  M32017 To remove it do this task SEE AMM Brake System Control Unit  BSCU  Removal AMM TASK \n                                \n                                 32 42 01 000 801\n                                \n\n \n                         \n \n\t \n                          \n                          \n\t  b  \tDisconnect connector DM32018D from the autobrake valve module\n\n \n                         \n \n\t \n                          \n                          \n\t  c  \tDo a wiring check between these pins of connector DM32017AB at the E6 2 shelf and connector DM32018D at the autobrake valve module M32018  SEE WM WDM \n                                \n                                 32 42 15\n                                  \n                               \n                               \t \t DM32017AB\n \t \t DM32018D\n \t \n\t \t pin C2\n \t          \n \t pin 3\n \t \n\t \t pin B4\n \t          \n \t pin 2\n \t \n\n \n                              \n \n\n \n                         \n \n\t \n                          \n                          \n\t  d  \tDo a wiring check between pin 1 of connector DM32018D at the autobrake valve module M32018 and structure ground  SEE WM WDM \n                                \n                                 32 42 15\n                                 \n\n \n                         \n \n\t \n                          \n                          \n\t  e  \tIf you find a problem with the wiring do these steps\n                               \n                               \t \n                                    \n                                    \n\t1\tRepair the wiring\n\n \n                                   \n \n\t \n                                    \n                                    \n\t2\tRe connect connector DM32018D\n\n \n                                   \n \n\t \n                                    \n                                    \n\t3\tRe install the BSCU M32017 To install it do this task SEE AMM Brake System Control Unit  BSCU  Installation AMM TASK \n                                          \n                                           32 42 01 400 801\n                                          \n\n \n                                   \n \n\t \n                                    \n                                    \n\t4\tIf the MAT shows NOT ACTIVE for the maintenance message  or if the message does not show  you corrected the fault\n\n \n                                   \n \n\n \n                              \n \n\n \n                         \n \n\t \n                          \n                          \n\t  f  \tIf you do not find a problem with the wiring then continue\n\n \n                         \n \n\t \n                          \n                          \n\t  g  \tRe install the BSCU M32017 To install it do this task SEE AMM Brake System Control Unit  BSCU  Installation AMM TASK \n                                \n                                 32 42 01 400 801\n                                \n\n \n                         \n \n\n \n                    \n \n\n \n               \n \n\n \n          \n \n         \n\n\n          \n          \t\n              \n               Effective on\n              \tAAL ALL\t\n\n \n         \n\n          \n           SUBTASK 32 42 00 810 017\n            \n                 20041205 \n            \n \n           \n           \t \n                \n                \n\t  2  \tReplace the autobrake valve module M32018 pressure transducer These are the tasks\n SEE AMM Brake Metered Pressure Transducers Removal AMM TASK \n                       \n                        32 42 11 000 801\n                       \n SEE AMM Brake Metered Pressure Transducers Installation AMM TASK \n                       \n                        32 42 11 400 801\n                       \n \n                     \n                     \t \n                          \n                          \n\t  a  \tIf the MAT shows NOT ACTIVE for the maintenance message  or if the message does not show  you corrected the fault\n\n \n                         \n \n\t \n                          \n                          \n\t  b  \tIf the MAT shows ACTIVE for the maintenance message then continue\n\n \n                         \n \n\n \n                    \n \n\n \n               \n \n\n \n          \n \n         \n\n\n          \n          \t\n              \n               Effective on\n              \tAAL ALL\t\n\n \n         \n\n          \n           SUBTASK 32 42 00 810 018\n            \n                 20041205 \n            \n \n           \n           \t \n                \n                \n\t  3  \tReplace the brake system control unit  BSCU  M32017 These are the tasks\n SEE AMM Brake System Control Unit  BSCU  Removal AMM TASK \n                       \n                        32 42 01 000 801\n                       \n SEE AMM Brake System Control Unit  BSCU  Installation AMM TASK \n                       \n                        32 42 01 400 801\n                       \n \n                     \n                     \t \n                          \n                          \n\t  a  \tIf the MAT shows NOT ACTIVE for the maintenance message  or if the message does not show  you corrected the fault\n\n \n                         \n \n\n \n                    \n \n\n \n               \n \n\n \n          \n \n         \n \n\n \n    \n\n    \n\n    \n \n   \n \n  \n\n   ","pps_publication_type":"html_content","pps_product_ids":"|147|148|149|150|151|152|153|154|155|156|157|158|159|160|161|162|163|164|165|166|167|168|169|170|171|172|173|174|175|176|177|178|179|180|181|182|183|184|185|186|187|188|189|190|191|192|193|194|195|196|197|198|199|200|201|202|203|204|205|206|207|208|209|210|211|212|213|"}